timestamp,neck_angle,shoulder_diff,spine_angle,shoulder_z_diff,neck_score,shoulder_score,spine_score,rounded_score,total_score,status
2026-03-06 21:08:03,148.81,11.81,174.25,-0.5825,72,95,100,0,66,Good Posture (ML)
2026-03-06 21:08:06,148.71,23.7,168.12,-0.4169,71,70,100,0,60,Good Posture (ML)
2026-03-06 21:08:09,143.95,6.09,170.55,-0.5207,59,100,100,0,64,Good Posture (ML)
2026-03-06 21:08:12,141.27,5.7,169.79,-0.5634,53,100,100,0,63,Good Posture (ML)
2026-03-06 21:08:15,143.19,18.01,169.96,-0.8637,57,82,100,0,59,Good Posture (ML)
2026-03-06 21:08:18,148.46,15.1,170.48,-0.3786,71,88,100,0,64,Good Posture (ML)
2026-03-06 21:08:21,148.07,2.27,172.19,-0.4716,70,100,100,0,67,Good Posture (ML)
2026-03-06 21:08:24,140.92,7.06,171.98,-0.8707,52,100,100,0,63,Good Posture (ML)
2026-03-06 21:08:27,139.14,13.53,170.36,-1.1359,49,91,100,0,60,Good Posture (ML)
2026-03-06 21:08:30,140.44,4.22,170.89,-0.707,51,100,100,0,62,Good Posture (ML)
2026-03-06 21:08:33,144.28,4.97,170.59,-0.6285,60,100,100,0,65,Good Posture (ML)
2026-03-06 21:08:36,137.9,4.24,170.84,-1.0209,49,100,100,0,62,Good Posture (ML)
2026-03-06 21:08:39,149.87,7.44,172.17,-0.2856,74,100,100,4,69,Good Posture (ML)
2026-03-06 21:08:42,147.8,2.11,173.32,-0.2653,69,100,100,11,70,Good Posture (ML)
2026-03-06 21:08:45,151.33,10.44,172.36,-0.2643,78,98,100,11,71,Good Posture (ML)
2026-03-06 21:08:48,151.75,13.19,172.41,-0.2754,79,92,100,8,69,Good Posture (ML)
2026-03-06 21:08:51,148.44,6.2,170.99,-0.4539,71,100,100,0,67,Good Posture (ML)
2026-03-06 21:08:54,162.94,85.82,166.1,-0.3138,100,5,100,0,51,Good Posture (ML)
2026-03-06 21:08:57,153.48,8.11,170.39,-0.4748,83,100,100,0,70,Good Posture (ML)
2026-03-06 21:09:00,146.32,6.58,171.73,-0.6428,65,100,100,0,66,Good Posture (ML)
2026-03-06 21:09:03,145.76,5.21,171.74,-0.7029,64,100,100,0,66,Good Posture (ML)
2026-03-06 21:09:06,143.64,6.14,171.55,-0.674,59,100,100,0,64,Good Posture (ML)
2026-03-06 21:11:00,146.47,0.29,173.22,-0.5072,66,100,100,0,66,Good Posture (ML)
2026-03-06 21:11:03,148.44,5.64,174.47,-0.3361,71,100,100,0,67,Good Posture (ML)
2026-03-06 21:11:07,149.57,4.54,174.22,-0.425,73,100,100,0,68,Good Posture (ML)
2026-03-06 21:11:10,143.61,2.46,172.76,-0.4555,59,100,100,0,64,Good Posture (ML)
2026-03-06 21:11:13,144.76,7.31,171.83,-0.405,61,100,100,0,65,Good Posture (ML)
2026-03-06 21:11:16,147.43,6.8,172.78,-0.4381,68,100,100,0,67,Good Posture (ML)
2026-03-06 21:11:19,152.1,11.12,175.65,-0.4675,80,96,100,0,69,Good Posture (ML)
2026-03-06 21:11:22,150.79,8.69,172.1,-0.355,76,100,100,0,69,Good Posture (ML)
2026-03-06 21:11:25,147.35,2.09,173.72,-0.5182,68,100,100,0,67,Good Posture (ML)
2026-03-06 21:11:28,148.85,36.42,171.09,-0.647,72,57,100,0,57,Good Posture (ML)
2026-03-06 21:11:31,145.29,4.85,172.32,-0.6264,63,100,100,0,65,Good Posture (ML)
2026-03-06 21:11:34,147.85,3.97,173.04,-0.5613,69,100,100,0,67,Good Posture (ML)
2026-03-06 21:11:37,146.51,6.08,172.27,-0.5768,66,100,100,0,66,Good Posture (ML)
2026-03-06 21:11:40,151.24,13.94,172.5,-0.5156,78,90,100,0,67,Good Posture (ML)
2026-03-06 21:11:43,149.69,9.69,174.0,-0.5094,74,99,100,0,68,Good Posture (ML)
2026-03-06 21:11:46,150.73,1.22,171.7,-0.4501,76,100,100,0,69,Good Posture (ML)
2026-03-06 21:11:49,154.55,6.82,175.56,-0.7696,86,100,100,0,71,Good Posture (ML)
2026-03-06 21:11:52,142.17,7.21,172.76,-0.9365,55,100,100,0,63,Good Posture (ML)
2026-03-06 21:27:39,140.65,11.71,172.55,-0.5971,85,95,100,0,70,Good Posture (ML)
2026-03-06 21:27:42,139.94,10.65,171.94,-0.7285,83,97,100,0,70,Good Posture (ML)
2026-03-06 21:27:45,144.0,5.88,171.96,-0.7029,90,100,100,0,72,Good Posture (ML)
2026-03-06 21:27:48,145.61,5.8,172.05,-0.6645,92,100,100,0,73,Good Posture (ML)
2026-03-06 21:27:51,150.4,8.44,173.74,-0.491,100,100,100,0,75,Good Posture (ML)
2026-03-06 21:27:54,147.96,16.68,172.04,-0.7394,96,85,100,0,70,Good Posture (ML)
2026-03-06 21:27:57,148.0,24.11,173.05,-0.7453,96,69,100,0,66,Good Posture (ML)
2026-03-06 21:28:00,145.48,15.23,172.31,-0.817,92,88,100,0,70,Good Posture (ML)
2026-03-06 21:28:03,143.74,13.44,172.58,-0.7241,89,92,100,0,70,Good Posture (ML)
2026-03-06 21:28:06,144.14,15.77,172.62,-0.7715,90,87,100,0,69,Good Posture (ML)
2026-03-06 21:28:09,143.71,16.79,173.21,-0.8075,89,85,100,0,68,Good Posture (ML)
2026-03-06 21:28:12,144.33,18.64,174.08,-0.76,90,81,100,0,67,Good Posture (ML)
2026-03-06 21:28:15,144.75,17.37,173.11,-0.7175,91,83,100,0,68,Good Posture (ML)
2026-03-06 21:28:18,145.35,13.52,173.01,-0.7063,92,91,100,0,70,Good Posture (ML)
2026-03-06 21:28:21,150.35,38.37,169.75,-0.5344,100,55,100,0,63,Good Posture (ML)
2026-03-06 21:28:24,150.51,13.31,171.17,-0.4295,100,92,100,0,73,Good Posture (ML)
2026-03-06 21:28:27,149.87,6.0,171.92,-0.1405,99,100,100,86,96,Good Posture (ML)
2026-03-06 21:28:30,147.81,14.19,171.85,-0.3181,96,90,100,27,78,Good Posture (ML)
2026-03-06 21:28:33,150.62,7.78,174.98,-0.5193,100,100,100,0,75,Good Posture (ML)
2026-03-06 21:28:36,151.18,12.69,173.17,-0.4812,100,93,100,0,73,Good Posture (ML)
2026-03-06 21:28:40,152.92,65.14,170.55,-0.6838,100,27,100,0,56,Good Posture (ML)
2026-03-06 21:28:43,151.24,42.03,172.57,-0.6165,100,51,100,0,62,Good Posture (ML)
2026-03-06 21:28:46,146.19,30.86,170.66,-0.3967,93,62,100,1,64,Good Posture (ML)
2026-03-06 21:28:49,152.81,39.24,170.15,-0.3679,100,54,100,10,66,Good Posture (ML)
2026-03-06 21:28:52,152.32,20.35,171.68,-0.5668,100,77,100,0,69,Good Posture (ML)
2026-03-06 21:28:55,156.79,15.03,172.01,-0.4431,100,88,100,0,72,Good Posture (ML)
2026-03-06 21:28:58,148.76,10.92,171.92,-0.4292,98,97,100,0,73,Good Posture (ML)
2026-03-06 21:29:01,139.87,12.57,170.01,-0.3548,83,93,100,15,72,Good Posture (ML)
2026-03-06 21:29:04,142.18,9.43,168.39,-0.3827,87,100,100,5,73,Good Posture (ML)
2026-03-06 21:29:07,143.92,17.17,172.78,-0.2838,90,84,100,38,78,Good Posture (ML)
2026-03-06 21:29:10,146.21,3.49,172.68,-0.3659,93,100,100,11,76,Good Posture (ML)
2026-03-06 21:29:13,145.46,4.49,171.34,-0.375,92,100,100,8,75,Good Posture (ML)
2026-03-06 21:29:16,145.63,0.51,172.86,-0.5233,93,100,100,0,73,Good Posture (ML)
2026-03-06 21:29:19,139.28,0.85,172.69,-0.8185,82,100,100,0,70,Good Posture (ML)
2026-03-06 21:29:22,137.0,1.22,172.16,-1.0483,79,100,100,0,69,Good Posture (ML)
2026-03-06 21:29:25,147.5,12.22,173.78,-0.5631,95,94,100,0,72,Good Posture (ML)
2026-03-06 21:29:28,137.77,14.31,177.21,-0.6948,80,90,100,0,67,Good Posture (ML)
2026-03-06 21:29:31,138.43,15.04,179.22,-0.6512,81,88,100,0,67,Good Posture (ML)
2026-03-06 21:29:34,135.69,1.1,174.22,-0.8508,77,100,100,0,69,Good Posture (ML)
2026-03-06 21:29:38,148.73,22.5,170.1,-0.4509,97,73,100,0,67,Good Posture (ML)
2026-03-06 21:29:41,149.97,16.46,172.21,-0.5485,99,85,100,0,71,Good Posture (ML)
2026-03-06 21:29:44,158.28,67.65,167.86,-0.3897,100,24,100,3,56,Good Posture (ML)
2026-03-06 21:29:47,159.23,64.39,168.2,-0.3814,100,27,100,6,58,Good Posture (ML)
2026-03-06 21:29:50,159.95,65.92,168.05,-0.3739,100,26,100,8,58,Good Posture (ML)
2026-03-06 21:29:53,157.85,61.34,167.43,-0.4104,100,31,100,0,57,Good Posture (ML)
2026-03-06 21:29:56,145.15,2.85,172.0,-0.6339,92,100,100,0,73,Good Posture (ML)
2026-03-06 21:29:59,143.42,2.48,171.83,-0.4649,89,100,100,0,72,Good Posture (ML)
2026-03-06 21:30:02,146.8,10.39,169.7,-0.3674,94,98,100,10,75,Good Posture (ML)
2026-03-06 21:30:05,148.8,14.01,173.36,-0.263,98,90,100,45,83,Good Posture (ML)
2026-03-06 21:30:08,148.39,15.22,174.77,-0.1222,97,88,100,92,94,Good Posture (ML)
2026-03-06 21:30:11,146.99,16.48,175.87,-0.2955,95,85,100,34,78,Good Posture (ML)
2026-03-06 21:30:14,146.42,15.01,172.16,-0.3691,94,88,100,10,73,Good Posture (ML)
2026-03-06 21:30:17,146.08,6.7,172.18,-0.4852,93,100,100,0,73,Good Posture (ML)
2026-03-06 21:30:21,147.72,14.49,172.52,-0.4859,96,89,100,0,71,Good Posture (ML)
2026-03-06 21:30:24,147.54,8.61,170.71,-0.4457,96,100,100,0,74,Good Posture (ML)
2026-03-06 21:30:27,145.9,7.0,170.02,-0.4939,93,100,100,0,73,Good Posture (ML)
2026-03-06 21:30:30,146.57,9.04,171.43,-0.4265,94,100,100,0,73,Good Posture (ML)
2026-03-06 21:30:33,141.01,6.38,171.51,-0.3988,85,100,100,0,71,Good Posture (ML)
2026-03-06 21:30:36,143.91,10.21,168.29,-0.4841,90,98,100,0,72,Good Posture (ML)
2026-03-06 21:30:39,138.94,3.12,170.27,-0.5815,82,100,100,0,70,Good Posture (ML)
2026-03-06 21:30:42,146.65,3.01,170.29,-0.3546,94,100,100,15,77,Good Posture (ML)
2026-03-06 21:30:45,145.36,6.08,174.71,-0.3657,92,100,100,11,75,Good Posture (ML)
2026-03-06 21:30:48,147.82,13.69,176.01,-0.3816,96,91,100,6,73,Good Posture (ML)
2026-03-06 21:30:51,146.19,14.96,176.55,-0.036,93,88,100,100,95,Good Posture (ML)
2026-03-06 21:30:54,142.71,5.4,170.29,-0.38,88,100,100,6,73,Good Posture (ML)
2026-03-06 21:30:57,145.89,12.96,169.88,-0.4528,93,93,100,0,71,Good Posture (ML)
2026-03-06 21:31:00,146.38,11.58,170.78,-0.4864,94,95,100,0,72,Good Posture (ML)
2026-03-06 21:31:03,134.07,0.91,171.52,-0.2863,74,100,100,37,77,Good Posture (ML)
2026-03-06 21:31:06,159.82,25.37,171.17,-0.3686,100,68,100,10,69,Good Posture (ML)
2026-03-06 21:31:09,146.38,15.69,169.73,-0.3718,94,87,100,9,72,Good Posture (ML)
2026-03-06 21:31:12,147.26,4.9,171.23,-0.3308,95,100,100,23,79,Good Posture (ML)
2026-03-06 21:31:16,149.6,18.56,175.85,-0.2768,99,81,100,41,80,Good Posture (ML)
2026-03-06 21:31:19,147.23,12.25,170.84,-0.4526,95,94,100,0,72,Good Posture (ML)
2026-03-06 21:31:22,146.02,10.52,171.53,-0.4582,93,98,100,0,72,Good Posture (ML)
2026-03-06 21:31:25,141.87,2.69,172.08,-0.588,86,100,100,0,71,Good Posture (ML)
2026-03-06 21:31:28,144.52,12.07,171.67,-0.6153,91,94,100,0,71,Good Posture (ML)
2026-03-06 21:31:31,140.88,7.88,171.57,-0.5941,85,100,100,0,71,Good Posture (ML)
2026-03-06 21:31:34,147.21,28.37,173.33,-0.1743,95,65,100,75,83,Good Posture (ML)
2026-03-06 21:31:37,140.73,7.97,170.82,-0.6919,85,100,100,0,71,Good Posture (ML)
2026-03-06 21:31:40,140.46,9.17,170.62,-0.7425,84,100,100,0,71,Good Posture (ML)
2026-03-06 21:31:43,141.38,5.79,170.8,-0.7389,86,100,100,0,71,Good Posture (ML)
2026-03-06 21:31:46,140.61,8.03,172.19,-0.7576,84,100,100,0,71,Good Posture (ML)
2026-03-06 21:31:49,140.64,0.51,172.78,-0.5419,85,100,100,0,71,Good Posture (ML)
2026-03-06 21:31:52,142.07,7.11,174.75,-0.68,87,100,100,0,71,Good Posture (ML)
2026-03-06 21:31:55,155.38,37.19,168.33,-0.177,100,56,100,74,82,Good Posture (ML)
2026-03-06 21:31:59,157.43,30.85,167.81,-0.4956,100,62,100,0,65,Good Posture (ML)
2026-03-06 21:32:02,140.14,9.35,177.21,-0.5448,84,100,100,0,71,Good Posture (ML)
2026-03-06 21:32:05,140.15,4.06,177.27,-0.5046,84,100,100,0,71,Good Posture (ML)
2026-03-06 21:32:08,138.08,0.86,176.72,-0.5435,80,100,100,0,70,Good Posture (ML)
2026-03-06 21:32:11,138.27,2.03,177.28,-0.4698,81,100,100,0,70,Good Posture (ML)
2026-03-06 21:32:14,136.75,6.26,177.2,-0.58,78,100,100,0,69,Good Posture (ML)
2026-03-06 21:32:17,126.89,17.29,166.58,-1.6517,63,83,100,0,61,Good Posture (ML)
2026-03-06 21:32:20,124.0,7.83,166.27,-1.6422,59,100,100,0,64,Good Posture (ML)
2026-03-06 21:32:23,121.6,3.33,162.05,-1.534,58,100,100,0,64,Good Posture (ML)
2026-03-06 21:32:26,154.48,10.41,173.45,-0.46,100,98,100,0,74,Good Posture (ML)
2026-03-06 21:32:29,154.5,40.89,172.37,-0.4845,100,52,100,0,63,Good Posture (ML)
2026-03-06 21:32:32,153.26,34.95,173.48,-0.5003,100,58,100,0,64,Good Posture (ML)
2026-03-06 21:32:35,146.47,2.75,171.73,-0.3406,94,100,100,19,78,Good Posture (ML)
2026-03-06 21:32:38,148.59,12.95,170.95,-0.387,97,93,100,4,73,Good Posture (ML)
2026-03-06 21:32:41,149.56,13.19,170.18,-0.3922,99,92,100,2,73,Good Posture (ML)
2026-03-06 21:32:45,151.06,52.77,171.67,-0.2718,100,40,100,42,70,Good Posture (ML)
2026-03-06 21:32:48,143.6,24.44,173.05,-0.288,89,69,100,37,73,Good Posture (ML)
2026-03-06 22:21:45,147.11,3.09,173.28,-0.4505,95,100,100,0,73,Good Posture (ML)
2026-03-06 22:21:48,145.82,5.82,171.7,-0.3834,93,100,100,5,74,Good Posture (ML)
2026-03-06 22:21:51,147.33,13.71,177.95,-0.3808,95,91,100,6,73,Good Posture (ML)
2026-03-06 22:21:54,144.52,8.35,174.34,-0.6265,91,100,100,0,72,Good Posture (ML)
2026-03-06 22:21:57,139.67,3.26,172.76,-0.9587,83,100,100,0,70,Good Posture (ML)
2026-03-06 22:22:00,143.8,4.74,175.05,-0.6287,90,100,100,0,72,Good Posture (ML)
2026-03-06 22:22:03,148.93,14.63,172.04,-0.4538,98,89,100,0,71,Good Posture (ML)
2026-03-06 22:22:06,147.9,0.22,173.84,-0.4337,96,100,100,0,74,Good Posture (ML)
2026-03-06 22:22:09,146.37,5.7,169.52,-0.3343,94,100,100,21,78,Good Posture (ML)
2026-03-06 22:22:12,152.13,4.87,172.85,-0.2694,100,100,100,43,85,Good Posture (ML)
2026-03-06 22:22:15,151.54,2.99,173.0,-0.3799,100,100,100,6,76,Good Posture (ML)
2026-03-06 22:22:18,150.56,1.02,172.06,-0.4384,100,100,100,0,75,Good Posture (ML)
2026-03-06 22:22:21,164.55,60.95,170.34,-0.3938,100,31,100,2,58,Good Posture (ML)
2026-03-06 22:22:25,160.95,61.35,169.82,-0.3587,100,31,100,13,61,Good Posture (ML)
2026-03-06 22:22:28,163.87,67.56,169.29,-0.2821,100,24,100,39,65,Good Posture (ML)
2026-03-06 22:22:31,155.56,32.97,170.76,-0.4325,100,60,100,0,65,Good Posture (ML)
2026-03-06 22:22:34,150.46,20.81,172.95,-0.3957,100,76,100,1,69,Good Posture (ML)
2026-03-06 22:22:37,132.52,49.72,174.14,-0.5515,72,43,100,0,53,Bad Posture (ML)
2026-03-06 22:22:40,132.61,50.85,175.32,-0.4795,72,42,100,0,53,Bad Posture (ML)
2026-03-06 22:22:43,153.34,39.79,169.09,-0.4242,100,53,100,0,63,Good Posture (ML)
2026-03-06 22:22:46,145.84,61.98,175.87,-1.6119,93,30,100,0,55,Good Posture (ML)
2026-03-06 22:22:49,143.6,13.76,167.84,-1.6659,89,91,100,0,70,Good Posture (ML)
2026-03-06 22:22:52,158.61,45.47,168.87,-1.8125,100,47,100,0,61,Good Posture (ML)
2026-03-06 22:22:55,155.96,30.07,166.39,-1.712,100,63,100,0,65,Good Posture (ML)
2026-03-06 22:22:58,133.21,65.45,175.64,-0.6011,73,26,100,0,49,Bad Posture (ML)
2026-03-06 22:23:01,134.42,68.78,177.59,-0.5581,75,23,100,0,49,Bad Posture (ML)
2026-03-06 22:23:04,135.92,65.92,176.28,-0.932,77,26,100,0,50,Bad Posture (ML)
2026-03-06 22:23:08,133.95,73.29,179.83,-0.9856,74,18,100,0,48,Bad Posture (ML)
2026-03-06 22:23:11,150.4,20.27,169.22,-0.367,100,77,100,11,72,Good Posture (ML)
2026-03-06 22:23:14,147.17,15.48,171.44,-0.4424,95,87,100,0,70,Good Posture (ML)
2026-03-06 22:23:17,139.88,59.29,171.35,-0.6812,83,33,100,0,54,Good Posture (ML)
2026-03-06 22:23:20,151.66,7.45,173.0,-0.3561,100,100,100,14,78,Good Posture (ML)
2026-03-06 22:23:23,160.95,12.96,172.94,-0.3645,100,93,100,11,76,Good Posture (ML)
2026-03-06 22:23:26,136.94,14.32,168.09,-1.2335,79,90,100,0,67,Good Posture (ML)
2026-03-06 22:23:29,146.08,15.31,168.7,-0.6945,93,88,100,0,70,Good Posture (ML)
2026-03-06 22:23:32,163.18,77.17,169.6,-0.1918,100,14,100,69,70,Bad Posture (ML)
2026-03-06 22:23:35,169.67,99.89,170.0,-0.294,100,0,100,35,58,Good Posture (ML)
2026-03-06 22:23:39,146.42,10.18,177.16,-0.2246,94,98,100,58,87,Good Posture (ML)
2026-03-06 22:23:42,153.86,20.47,175.64,-0.2485,100,77,100,50,81,Good Posture (ML)
2026-03-06 22:23:45,155.46,51.17,173.89,-0.3698,100,41,100,10,62,Good Posture (ML)
2026-03-06 22:23:48,153.18,32.09,172.87,-0.3612,100,61,100,12,68,Good Posture (ML)
2026-03-06 22:23:51,158.03,63.91,170.13,-0.3388,100,28,100,20,62,Good Posture (ML)
2026-03-06 22:23:54,154.18,9.26,176.77,-0.2956,100,100,100,34,83,Good Posture (ML)
2026-03-06 22:23:57,150.72,28.06,175.81,-0.0095,100,65,100,100,91,Good Posture (ML)
2026-03-06 22:24:00,142.5,3.82,172.48,-0.4222,88,100,100,0,72,Good Posture (ML)
2026-03-06 22:24:03,170.11,9.13,172.63,-0.4462,100,100,100,0,75,Good Posture (ML)
2026-03-06 22:24:06,143.41,5.78,172.56,-0.6183,89,100,100,0,72,Good Posture (ML)
2026-03-06 22:24:09,137.47,8.85,165.42,-1.3518,79,100,100,0,69,Good Posture (ML)
2026-03-06 22:24:12,141.26,3.03,166.51,-1.16,86,100,100,0,71,Good Posture (ML)
2026-03-06 22:24:15,148.7,12.44,172.23,-0.5157,97,94,100,0,72,Good Posture (ML)
2026-03-06 22:24:18,167.8,34.69,169.18,-0.2985,100,58,100,33,72,Good Posture (ML)
2026-03-06 22:24:21,157.59,50.29,169.2,-0.5897,100,42,100,0,60,Good Posture (ML)
2026-03-06 22:24:24,139.61,4.81,175.33,-0.366,83,100,100,11,73,Good Posture (ML)
2026-03-06 22:24:28,145.81,3.19,172.63,-0.6541,93,100,100,0,73,Good Posture (ML)
2026-03-06 22:24:31,143.89,1.82,174.72,-0.6334,90,100,100,0,72,Good Posture (ML)
2026-03-06 22:24:34,154.37,30.76,170.23,-0.48,100,62,100,0,65,Good Posture (ML)
2026-03-06 22:24:37,155.61,26.72,171.38,-0.5262,100,67,100,0,66,Good Posture (ML)
2026-03-06 22:24:40,160.52,47.37,172.32,-0.3456,100,45,100,18,65,Good Posture (ML)
2026-03-06 22:24:43,159.76,55.25,171.94,-0.378,100,37,100,7,61,Good Posture (ML)
2026-03-06 22:24:46,159.12,63.7,174.81,-0.2789,100,28,100,40,67,Good Posture (ML)
2026-03-06 22:24:49,163.35,92.29,174.68,-0.367,100,0,100,11,52,Good Posture (ML)
2026-03-06 22:24:52,152.1,31.63,169.95,-0.3878,100,62,100,4,66,Good Posture (ML)
2026-03-06 22:24:58,144.86,39.17,176.19,-0.5024,91,54,100,0,61,Good Posture (ML)
2026-03-06 22:25:01,146.8,13.73,172.44,-0.7857,94,91,100,0,71,Good Posture (ML)
2026-03-06 22:25:04,150.03,26.46,169.91,-0.4818,100,67,100,0,66,Good Posture (ML)
2026-03-06 22:25:07,151.48,41.32,168.05,-0.449,100,51,100,0,62,Good Posture (ML)
2026-03-06 22:25:10,142.09,12.03,169.9,-0.5506,87,94,100,0,70,Good Posture (ML)
2026-03-06 22:25:13,147.34,36.6,173.57,-0.2756,95,56,100,41,73,Good Posture (ML)
2026-03-06 22:25:16,146.18,29.51,174.63,-0.2702,93,64,100,43,75,Good Posture (ML)
2026-03-06 22:25:19,150.45,39.27,174.22,-0.2002,100,54,100,66,80,Good Posture (ML)
2026-03-06 22:25:22,154.95,41.17,173.33,-0.3583,100,52,100,13,66,Good Posture (ML)
2026-03-06 22:25:26,145.92,12.22,170.21,-0.6668,93,94,100,0,71,Good Posture (ML)
2026-03-06 22:25:29,157.21,16.59,172.08,-0.4908,100,85,100,0,71,Good Posture (ML)
2026-03-06 22:25:32,149.84,40.84,173.99,-0.3369,99,52,100,21,68,Good Posture (ML)
2026-03-06 22:25:35,148.72,10.8,173.07,-0.4812,97,97,100,0,73,Good Posture (ML)
2026-03-06 22:25:38,156.95,19.72,170.79,-0.2584,100,78,100,47,81,Good Posture (ML)
2026-03-06 22:25:41,151.91,36.53,171.18,-0.3678,100,56,100,10,66,Good Posture (ML)
2026-03-06 22:25:44,153.81,9.65,171.96,-0.3804,100,99,100,6,76,Good Posture (ML)
2026-03-06 22:25:47,149.37,12.39,171.1,-0.3925,98,94,100,2,73,Good Posture (ML)
2026-03-06 22:25:50,148.56,14.25,169.07,-0.4197,97,90,100,0,71,Good Posture (ML)
2026-03-06 22:25:53,148.18,6.06,170.32,-0.4158,97,100,100,0,74,Good Posture (ML)
2026-03-06 22:25:56,155.9,19.88,171.57,-0.3344,100,78,100,21,74,Good Posture (ML)
2026-03-06 22:25:59,155.7,15.08,171.18,-0.3633,100,88,100,12,75,Good Posture (ML)
2026-03-06 22:26:02,154.05,18.5,170.77,-0.3668,100,81,100,11,73,Good Posture (ML)
2026-03-06 22:26:05,152.5,23.33,168.32,-0.3789,100,71,100,7,69,Good Posture (ML)
2026-03-06 22:26:08,156.87,23.12,169.48,-0.4184,100,71,100,0,67,Good Posture (ML)
2026-03-06 22:26:11,154.3,33.87,168.18,-0.6302,100,59,100,0,64,Good Posture (ML)
2026-03-06 22:26:15,148.03,51.02,169.45,-0.4526,96,41,100,0,59,Good Posture (ML)
2026-03-06 22:26:18,149.14,40.82,169.07,-0.3639,98,52,100,12,65,Good Posture (ML)
2026-03-06 22:26:21,161.22,60.41,170.83,-0.3802,100,32,100,6,59,Good Posture (ML)
2026-03-06 22:26:24,133.08,46.42,174.73,-0.5885,72,46,100,0,54,Good Posture (ML)
2026-03-06 22:26:27,135.44,44.34,178.42,-0.5659,76,48,100,0,56,Bad Posture (ML)
2026-03-06 22:26:30,137.76,37.9,177.94,-0.5977,80,55,100,0,58,Good Posture (ML)
2026-03-07 08:32:04,146.53,16.43,172.82,-0.304,94,85,100,32,77,Good Posture (ML)
2026-03-07 08:32:07,144.27,1.42,173.48,-0.6399,90,100,100,0,72,Good Posture (ML)
2026-03-07 08:32:10,148.84,5.46,171.4,-0.6043,98,100,100,0,74,Good Posture (ML)
2026-03-07 08:32:13,140.4,0.02,176.78,-0.6836,84,100,100,0,71,Good Posture (ML)
2026-03-07 08:32:16,147.85,8.8,171.85,-0.7165,96,100,100,0,74,Good Posture (ML)
2026-03-07 08:32:19,146.1,3.47,172.59,-0.8302,93,100,100,0,73,Good Posture (ML)
2026-03-07 08:32:22,145.4,2.72,171.98,-0.8569,92,100,100,0,73,Good Posture (ML)
2026-03-07 08:32:42,166.54,3.92,171.3,-0.0951,100,100,100,100,100,Good Posture (ML)
2026-03-07 08:32:45,145.02,1.24,170.07,-1.2026,92,100,100,0,73,Good Posture (ML)
2026-03-07 08:32:49,144.33,0.97,171.4,-1.2249,90,100,100,0,72,Good Posture (ML)
2026-03-07 08:34:14,147.96,5.19,172.36,-0.5469,96,100,100,0,74,Good Posture (ML)
2026-03-07 08:34:17,142.75,5.61,171.69,-0.7937,88,100,100,0,72,Good Posture (ML)
2026-03-07 08:34:20,147.21,16.09,172.68,-0.7874,95,86,100,0,70,Good Posture (ML)
2026-03-07 08:34:23,147.09,22.62,171.59,-0.6688,95,72,100,0,66,Good Posture (ML)
2026-03-07 08:34:26,147.47,7.4,173.26,-0.6304,95,100,100,0,73,Good Posture (ML)
2026-03-07 08:34:29,150.76,24.54,170.35,-1.3798,100,69,100,0,67,Good Posture (ML)
2026-03-07 08:34:32,142.85,6.84,176.07,-0.5113,88,100,100,0,72,Good Posture (ML)
2026-03-07 08:34:35,135.79,2.58,177.33,-0.4538,77,100,100,0,69,Good Posture (ML)
2026-03-07 08:34:38,138.66,2.3,178.77,-0.4971,81,100,100,0,70,Good Posture (ML)
2026-03-07 08:34:41,141.69,28.19,178.48,-0.7577,86,65,100,0,62,Good Posture (ML)
2026-03-07 08:34:44,139.74,7.17,177.59,-1.2027,83,100,100,0,70,Good Posture (ML)
2026-03-07 08:34:47,143.37,13.1,170.72,-1.2046,89,92,100,0,70,Good Posture (ML)
2026-03-07 08:34:50,149.46,7.94,170.91,-1.0917,99,100,100,0,74,Good Posture (ML)
2026-03-07 08:34:53,151.38,13.77,171.33,-0.5617,100,91,100,0,72,Good Posture (ML)
2026-03-07 08:34:56,145.56,56.72,176.33,-0.9976,92,35,100,0,56,Good Posture (ML)
2026-03-07 08:35:00,151.23,45.9,175.32,-1.0152,100,47,100,0,61,Good Posture (ML)
2026-03-07 08:35:03,144.04,69.92,176.24,-0.9284,90,22,100,0,53,Bad Posture (ML)
2026-03-07 08:35:06,144.68,28.85,173.68,-0.8737,91,64,100,0,63,Good Posture (ML)
2026-03-07 08:35:09,142.3,32.0,175.05,-0.8722,87,61,100,0,62,Good Posture (ML)
2026-03-07 08:35:12,143.8,11.38,176.41,-0.5999,90,96,100,0,71,Good Posture (ML)
2026-03-07 08:35:15,143.52,27.62,176.74,-0.2672,89,66,100,44,74,Good Posture (ML)
2026-03-07 08:35:18,138.15,33.45,175.72,-0.5393,81,60,100,0,60,Good Posture (ML)
2026-03-07 08:35:21,133.36,29.42,179.8,-0.2459,73,64,100,51,72,Good Posture (ML)
2026-03-07 08:35:24,141.73,26.09,179.03,-0.4708,86,67,100,0,63,Good Posture (ML)
2026-03-07 08:35:27,144.13,19.17,176.17,-0.4347,90,80,100,0,67,Good Posture (ML)
2026-03-07 08:35:30,148.95,4.9,179.53,-0.5498,98,100,100,0,74,Good Posture (ML)
2026-03-07 08:35:33,147.81,0.28,179.9,-0.8004,96,100,100,0,74,Good Posture (ML)
2026-03-07 08:35:36,145.97,9.41,178.77,-0.7624,93,100,100,0,73,Good Posture (ML)
2026-03-07 08:35:39,145.92,4.85,178.23,-0.6176,93,100,100,0,73,Good Posture (ML)
2026-03-07 08:35:42,148.37,8.24,176.24,-0.5067,97,100,100,0,74,Good Posture (ML)
2026-03-07 08:35:45,144.42,18.75,177.35,-0.5213,91,80,100,0,67,Good Posture (ML)
2026-03-07 08:35:48,143.96,23.34,173.97,-0.5978,90,71,100,0,65,Good Posture (ML)
2026-03-07 08:35:51,145.56,29.37,174.94,-0.5206,92,64,100,0,64,Good Posture (ML)
2026-03-07 08:35:54,146.39,34.42,176.6,-0.5941,94,59,100,0,63,Good Posture (ML)
2026-03-07 08:35:57,144.79,34.88,174.87,-0.5893,91,58,100,0,62,Good Posture (ML)
2026-03-07 08:36:00,146.98,35.22,177.1,-0.623,95,58,100,0,63,Good Posture (ML)
2026-03-07 08:36:03,153.01,8.95,172.0,-0.4073,100,100,100,0,75,Good Posture (ML)
2026-03-07 08:36:06,145.8,1.53,175.57,-0.4774,93,100,100,0,73,Good Posture (ML)
2026-03-07 08:36:09,133.47,19.26,176.71,-0.3751,73,79,100,8,65,Good Posture (ML)
2026-03-07 08:36:12,132.88,19.28,175.62,-0.3658,72,79,100,11,65,Good Posture (ML)
2026-03-07 08:36:15,150.09,14.59,173.55,-0.6208,100,89,100,0,72,Good Posture (ML)
2026-03-07 08:36:19,152.55,4.66,171.86,-0.531,100,100,100,0,75,Good Posture (ML)
2026-03-07 08:36:22,151.12,5.81,171.65,-0.4671,100,100,100,0,75,Good Posture (ML)
2026-03-07 08:36:25,150.03,7.82,173.6,-0.5889,100,100,100,0,75,Good Posture (ML)
2026-03-07 08:36:28,153.38,7.91,171.76,-0.634,100,100,100,0,75,Good Posture (ML)
2026-03-07 08:36:31,150.32,0.95,175.12,-0.6035,100,100,100,0,75,Good Posture (ML)
2026-03-07 08:36:34,141.23,12.68,172.59,-1.2906,85,93,100,0,69,Good Posture (ML)
2026-03-07 08:36:37,133.02,25.75,172.68,-2.3512,72,68,100,0,60,Good Posture (ML)
2026-03-07 08:36:40,132.91,43.97,170.26,-2.2154,72,49,100,0,55,Bad Posture (ML)
2026-03-07 08:36:43,134.39,46.4,170.03,-2.0138,75,46,100,0,55,Good Posture (ML)
2026-03-07 08:36:46,135.13,42.03,167.93,-2.1805,76,51,100,0,56,Good Posture (ML)
2026-03-07 08:36:49,136.81,45.11,170.65,-1.743,78,48,100,0,56,Good Posture (ML)
2026-03-07 08:36:52,148.88,4.3,173.09,-0.7353,98,100,100,0,74,Good Posture (ML)
2026-03-07 08:36:55,147.85,2.4,174.87,-1.0706,96,100,100,0,74,Good Posture (ML)
2026-03-07 08:36:58,147.2,2.77,173.16,-0.8692,95,100,100,0,73,Good Posture (ML)
2026-03-07 08:37:01,146.64,8.06,173.76,-1.0797,94,100,100,0,73,Good Posture (ML)
2026-03-07 08:37:04,146.24,7.06,173.98,-0.8798,93,100,100,0,73,Good Posture (ML)
2026-03-07 08:37:07,147.98,48.63,176.5,-0.7477,96,44,100,0,60,Good Posture (ML)
2026-03-07 08:37:10,148.33,55.5,174.65,-0.6963,97,37,100,0,58,Good Posture (ML)
2026-03-07 08:37:13,146.1,42.19,175.09,-0.513,93,51,100,0,61,Good Posture (ML)
2026-03-07 08:37:17,155.63,21.38,165.45,-0.3851,100,75,100,5,70,Good Posture (ML)
2026-03-07 08:37:20,139.17,41.91,177.61,-0.8076,82,51,100,0,58,Good Posture (ML)
2026-03-07 08:37:23,150.04,17.37,172.16,-0.5734,100,83,100,0,70,Good Posture (ML)
2026-03-07 08:37:26,151.55,12.18,173.14,-0.6982,100,94,100,0,73,Good Posture (ML)
2026-03-07 08:37:29,150.11,19.49,172.8,-0.4394,100,79,100,0,69,Good Posture (ML)
2026-03-07 08:37:32,149.38,18.87,172.14,-0.4803,99,80,100,0,69,Good Posture (ML)
2026-03-07 08:37:35,155.42,20.59,173.06,-0.4744,100,77,100,0,69,Good Posture (ML)
2026-03-07 08:37:38,146.94,21.12,178.44,-0.4299,95,75,100,0,67,Good Posture (ML)
2026-03-07 08:37:41,149.6,4.54,173.26,-0.5042,99,100,100,0,74,Good Posture (ML)
2026-03-07 08:37:44,149.2,4.62,173.59,-0.5705,98,100,100,0,74,Good Posture (ML)
2026-03-07 08:37:47,146.56,4.83,173.08,-0.5903,94,100,100,0,73,Good Posture (ML)
2026-03-07 08:37:50,145.22,8.33,172.84,-0.5826,92,100,100,0,73,Good Posture (ML)
2026-03-07 08:37:53,143.74,8.59,172.34,-0.5817,89,100,100,0,72,Good Posture (ML)
2026-03-07 08:37:56,142.57,13.09,173.54,-0.6022,88,92,100,0,70,Good Posture (ML)
2026-03-07 08:38:00,141.79,14.85,174.34,-0.597,86,89,100,0,68,Good Posture (ML)
2026-03-07 08:38:03,141.85,17.14,172.78,-0.5998,86,84,100,0,67,Good Posture (ML)
2026-03-07 08:38:06,136.74,5.31,169.28,-0.5532,78,100,100,0,69,Good Posture (ML)
2026-03-07 08:38:09,140.9,7.88,171.34,-0.6755,85,100,100,0,71,Good Posture (ML)
2026-03-07 08:38:12,145.28,1.07,172.65,-0.7569,92,100,100,0,73,Good Posture (ML)
2026-03-07 08:38:15,145.87,2.96,173.41,-0.615,93,100,100,0,73,Good Posture (ML)
2026-03-07 08:38:18,147.96,2.01,172.64,-0.5739,96,100,100,0,74,Good Posture (ML)
2026-03-07 08:38:21,147.51,5.03,173.41,-0.6211,96,100,100,0,74,Good Posture (ML)
2026-03-07 08:38:24,145.7,5.12,173.03,-0.6206,93,100,100,0,73,Good Posture (ML)
2026-03-07 08:38:27,144.03,7.69,173.84,-0.5972,90,100,100,0,72,Good Posture (ML)
2026-03-07 08:38:30,138.13,6.54,172.37,-0.3458,81,100,100,18,74,Good Posture (ML)
2026-03-07 08:38:33,146.38,11.61,179.08,-0.6299,94,95,100,0,72,Good Posture (ML)
2026-03-07 08:38:36,144.79,10.76,179.3,-0.5575,91,97,100,0,72,Good Posture (ML)
2026-03-07 08:38:39,144.2,3.16,176.65,-0.6839,90,100,100,0,72,Good Posture (ML)
2026-03-07 08:38:42,141.14,3.11,179.87,-0.5378,85,100,100,0,71,Good Posture (ML)
2026-03-07 08:38:53,145.35,5.11,177.18,-0.4759,92,100,100,0,73,Good Posture (ML)
2026-03-07 08:38:56,138.55,13.0,172.6,-0.3502,81,92,100,16,72,Good Posture (ML)
2026-03-07 08:39:00,131.98,17.24,179.12,-0.973,71,84,100,0,63,Good Posture (ML)
2026-03-07 08:39:03,143.8,21.3,175.87,-0.4988,90,75,100,0,66,Good Posture (ML)
2026-03-07 08:39:06,143.37,27.74,177.07,-0.5242,89,66,100,0,63,Good Posture (ML)
2026-03-07 08:39:09,139.28,5.42,173.45,-0.4216,82,100,100,0,70,Good Posture (ML)
2026-03-07 08:39:12,140.83,15.56,129.17,-0.5298,85,87,72,0,61,Bad Posture (ML)
2026-03-07 08:39:15,138.2,19.15,169.57,-0.3592,81,80,100,13,68,Good Posture (ML)
2026-03-07 08:39:18,137.81,16.0,169.27,-0.7239,80,86,100,0,66,Good Posture (ML)
2026-03-07 08:39:21,133.93,16.03,173.56,-0.5836,74,86,100,0,65,Good Posture (ML)
2026-03-07 08:39:24,154.57,38.79,174.12,-0.6061,100,54,100,0,63,Good Posture (ML)
2026-03-07 08:39:27,149.77,7.0,175.75,-0.3566,99,100,100,14,78,Good Posture (ML)
2026-03-07 08:39:30,158.72,8.75,173.93,-0.4369,100,100,100,0,75,Good Posture (ML)
2026-03-07 08:39:33,151.98,11.12,172.45,-0.724,100,96,100,0,74,Good Posture (ML)
2026-03-07 08:39:37,153.79,9.9,172.74,-0.6996,100,99,100,0,74,Good Posture (ML)
2026-03-07 08:39:40,150.66,9.2,172.54,-0.757,100,100,100,0,75,Good Posture (ML)
2026-03-07 08:39:43,153.93,2.79,170.58,-0.5696,100,100,100,0,75,Good Posture (ML)
2026-03-07 08:39:46,154.29,5.22,173.81,-0.5096,100,100,100,0,75,Good Posture (ML)
2026-03-07 08:39:49,152.76,5.03,174.21,-0.5021,100,100,100,0,75,Good Posture (ML)
2026-03-07 08:39:52,153.5,8.69,173.49,-0.6972,100,100,100,0,75,Good Posture (ML)
2026-03-07 08:39:55,155.18,12.08,173.79,-0.5253,100,94,100,0,73,Good Posture (ML)
2026-03-07 08:39:58,154.91,8.17,172.64,-0.7055,100,100,100,0,75,Good Posture (ML)
2026-03-07 08:40:01,155.44,17.13,172.85,-0.5525,100,84,100,0,71,Good Posture (ML)
2026-03-07 08:40:04,154.1,10.4,171.88,-0.5688,100,98,100,0,74,Good Posture (ML)
2026-03-07 08:40:07,154.25,13.98,173.52,-0.5281,100,90,100,0,72,Good Posture (ML)
2026-03-07 08:40:10,135.58,14.1,174.64,-0.3595,76,90,100,13,69,Good Posture (ML)
2026-03-07 08:40:13,144.67,15.62,175.35,-0.5383,91,87,100,0,69,Good Posture (ML)
2026-03-07 08:40:17,147.21,18.65,174.67,-0.3561,95,81,100,14,72,Good Posture (ML)
2026-03-07 08:40:20,144.16,25.15,176.79,-0.5262,90,68,100,0,64,Good Posture (ML)
2026-03-07 08:40:23,143.09,20.15,174.94,-0.4743,88,78,100,0,66,Good Posture (ML)
2026-03-07 08:40:26,143.25,12.76,177.26,-0.5134,89,93,100,0,70,Good Posture (ML)
2026-03-07 08:40:29,143.46,16.84,176.52,-0.5764,89,84,100,0,68,Good Posture (ML)
2026-03-07 08:40:32,144.14,17.01,176.91,-0.6334,90,84,100,0,68,Good Posture (ML)
2026-03-07 08:40:35,143.94,12.89,177.29,-0.5932,90,93,100,0,70,Good Posture (ML)
2026-03-07 08:40:39,142.27,7.65,176.16,-0.5238,87,100,100,0,71,Good Posture (ML)
2026-03-07 08:40:42,140.57,7.38,176.2,-0.4576,84,100,100,0,71,Good Posture (ML)
2026-03-07 08:40:45,141.18,15.91,176.27,-0.509,85,86,100,0,67,Good Posture (ML)
2026-03-07 08:40:48,148.34,28.26,175.35,-0.3273,97,65,100,24,71,Good Posture (ML)
2026-03-07 08:40:51,140.07,2.39,179.14,-0.3423,84,100,100,19,75,Good Posture (ML)
2026-03-07 08:40:54,146.43,19.61,178.9,-0.5262,94,79,100,0,68,Good Posture (ML)
2026-03-07 08:40:57,147.19,17.8,179.28,-0.542,95,82,100,0,69,Good Posture (ML)
2026-03-07 08:41:00,145.47,11.83,178.58,-0.4921,92,95,100,0,71,Good Posture (ML)
2026-03-07 08:41:04,151.43,7.29,171.39,-0.6168,100,100,100,0,75,Good Posture (ML)
2026-03-07 08:41:07,153.15,8.34,173.85,-0.6615,100,100,100,0,75,Good Posture (ML)
2026-03-07 08:41:10,151.99,9.23,173.26,-0.9056,100,100,100,0,75,Good Posture (ML)
2026-03-07 08:41:13,148.8,0.9,172.29,-0.7998,98,100,100,0,74,Good Posture (ML)
2026-03-07 08:41:16,149.83,6.5,171.73,-0.7992,99,100,100,0,74,Good Posture (ML)
2026-03-07 08:41:19,148.6,1.32,172.76,-0.7555,97,100,100,0,74,Good Posture (ML)
2026-03-07 08:41:22,148.29,5.14,171.6,-0.9218,97,100,100,0,74,Good Posture (ML)
2026-03-07 08:41:25,148.19,0.94,172.13,-0.8506,97,100,100,0,74,Good Posture (ML)
2026-03-07 08:41:28,146.87,6.7,169.63,-0.8462,94,100,100,0,73,Good Posture (ML)
2026-03-07 08:41:32,150.14,1.58,172.43,-0.7357,100,100,100,0,75,Good Posture (ML)
2026-03-07 08:41:35,152.61,1.92,171.94,-0.5241,100,100,100,0,75,Good Posture (ML)
2026-03-07 08:41:38,153.86,15.13,172.94,-0.4227,100,88,100,0,72,Good Posture (ML)
2026-03-07 08:41:41,158.62,22.2,172.61,-0.304,100,73,100,32,76,Good Posture (ML)
2026-03-07 08:41:44,146.13,16.15,177.22,-0.4737,93,86,100,0,69,Good Posture (ML)
2026-03-07 08:41:47,150.64,9.37,176.25,-0.5215,100,100,100,0,75,Good Posture (ML)
2026-03-07 08:41:50,146.2,5.92,175.6,-0.4447,93,100,100,0,73,Good Posture (ML)
2026-03-07 08:41:53,163.46,14.8,173.37,-0.1614,100,89,100,79,92,Good Posture (ML)
2026-03-07 08:41:56,149.42,8.31,176.98,-0.4412,99,100,100,0,74,Good Posture (ML)
2026-03-07 08:42:00,145.15,3.84,169.34,-1.0875,92,100,100,0,73,Good Posture (ML)
2026-03-07 08:42:03,146.04,4.47,170.93,-0.8909,93,100,100,0,73,Good Posture (ML)
2026-03-07 08:42:06,146.78,2.57,170.05,-0.8052,94,100,100,0,73,Good Posture (ML)
2026-03-07 08:42:09,147.09,0.21,170.46,-0.7842,95,100,100,0,73,Good Posture (ML)
2026-03-07 08:42:12,147.13,9.22,172.59,-0.6858,95,100,100,0,73,Good Posture (ML)
2026-03-07 08:42:15,142.53,17.66,174.53,-0.4115,88,83,100,0,67,Good Posture (ML)
2026-03-07 08:42:18,151.87,31.61,175.25,-0.4247,100,62,100,0,65,Good Posture (ML)
2026-03-07 08:42:21,147.37,19.74,174.65,-0.3978,95,78,100,0,68,Good Posture (ML)
2026-03-07 08:42:24,140.14,16.54,174.93,-0.5055,84,85,100,0,67,Good Posture (ML)
2026-03-07 08:42:27,142.32,30.81,174.53,-0.6997,87,62,100,0,62,Good Posture (ML)
2026-03-07 08:42:30,141.7,34.41,174.03,-0.5458,86,59,100,0,61,Good Posture (ML)
2026-03-07 08:42:34,153.77,5.79,171.07,-0.4122,100,100,100,0,75,Good Posture (ML)
2026-03-07 08:42:37,154.85,5.32,172.23,-0.4438,100,100,100,0,75,Good Posture (ML)
2026-03-07 08:42:40,151.14,9.1,173.38,-0.5115,100,100,100,0,75,Good Posture (ML)
2026-03-07 08:42:43,150.21,11.2,172.5,-0.4626,100,96,100,0,74,Good Posture (ML)
2026-03-07 08:42:46,150.6,7.97,173.97,-0.5677,100,100,100,0,75,Good Posture (ML)
2026-03-07 08:42:49,149.71,13.6,172.79,-0.4864,99,91,100,0,72,Good Posture (ML)
2026-03-07 08:42:52,157.8,20.65,176.93,-0.1565,100,76,100,81,89,Good Posture (ML)
2026-03-07 08:42:55,152.31,3.8,173.15,-0.2704,100,100,100,43,85,Good Posture (ML)
2026-03-07 08:42:58,141.06,10.97,175.52,-0.4055,85,97,100,0,70,Good Posture (ML)
2026-03-07 08:43:01,149.42,7.78,172.09,-0.5719,99,100,100,0,74,Good Posture (ML)
2026-03-07 08:43:05,151.35,5.1,174.64,-0.5412,100,100,100,0,75,Good Posture (ML)
2026-03-07 08:43:08,149.49,12.86,172.45,-0.6932,99,93,100,0,73,Good Posture (ML)
2026-03-07 08:43:11,151.95,8.95,171.9,-0.8482,100,100,100,0,75,Good Posture (ML)
2026-03-07 08:43:14,150.24,1.05,171.49,-0.8004,100,100,100,0,75,Good Posture (ML)
2026-03-07 08:43:17,150.94,5.88,171.54,-0.8408,100,100,100,0,75,Good Posture (ML)
2026-03-07 08:43:20,151.47,5.83,171.69,-0.8917,100,100,100,0,75,Good Posture (ML)
2026-03-07 08:43:23,149.63,2.34,170.46,-1.2117,99,100,100,0,74,Good Posture (ML)
2026-03-07 08:43:26,149.71,7.8,169.49,-1.1704,99,100,100,0,74,Good Posture (ML)
2026-03-07 08:43:29,150.27,4.4,171.32,-1.0518,100,100,100,0,75,Good Posture (ML)
2026-03-07 08:43:32,146.51,2.39,172.28,-0.6459,94,100,100,0,73,Good Posture (ML)
2026-03-07 08:43:35,146.43,0.09,171.69,-0.6332,94,100,100,0,73,Good Posture (ML)
2026-03-07 08:43:39,148.91,1.05,172.42,-0.7689,98,100,100,0,74,Good Posture (ML)
2026-03-07 08:43:42,150.29,0.94,172.02,-0.8685,100,100,100,0,75,Good Posture (ML)
2026-03-07 08:43:45,148.72,4.89,172.44,-0.8765,97,100,100,0,74,Good Posture (ML)
2026-03-07 08:43:48,152.19,7.99,171.35,-0.6335,100,100,100,0,75,Good Posture (ML)
2026-03-07 08:43:51,149.51,4.39,170.21,-0.7448,99,100,100,0,74,Good Posture (ML)
2026-03-07 08:43:54,150.65,6.45,172.2,-0.5701,100,100,100,0,75,Good Posture (ML)
2026-03-07 08:43:57,149.91,11.75,172.38,-0.8678,99,95,100,0,73,Good Posture (ML)
2026-03-07 08:44:00,150.19,4.37,172.67,-0.9308,100,100,100,0,75,Good Posture (ML)
2026-03-07 08:44:03,151.36,11.38,172.32,-1.1887,100,96,100,0,74,Good Posture (ML)
2026-03-07 08:44:06,152.04,7.26,173.1,-0.8686,100,100,100,0,75,Good Posture (ML)
2026-03-07 08:44:10,151.49,4.16,172.54,-0.7592,100,100,100,0,75,Good Posture (ML)
2026-03-07 08:44:13,151.91,1.75,172.71,-0.7895,100,100,100,0,75,Good Posture (ML)
2026-03-07 08:44:16,150.09,1.68,172.49,-0.7832,100,100,100,0,75,Good Posture (ML)
2026-03-07 08:44:19,151.75,5.09,173.16,-0.906,100,100,100,0,75,Good Posture (ML)
2026-03-07 08:44:22,154.05,9.31,171.76,-0.9569,100,100,100,0,75,Good Posture (ML)
2026-03-07 08:44:25,151.19,7.32,175.75,-0.3897,100,100,100,3,75,Good Posture (ML)
2026-03-07 08:44:28,147.37,3.46,179.57,-0.4166,95,100,100,0,73,Good Posture (ML)
2026-03-07 08:44:31,145.92,8.32,179.25,-0.5321,93,100,100,0,73,Good Posture (ML)
2026-03-07 08:44:34,153.14,9.41,177.41,-0.5004,100,100,100,0,75,Good Posture (ML)
2026-03-07 08:44:37,150.21,0.74,177.71,-0.5592,100,100,100,0,75,Good Posture (ML)
2026-03-07 08:44:40,145.66,4.7,179.45,-0.4825,93,100,100,0,73,Good Posture (ML)
2026-03-07 08:44:43,124.29,26.61,178.71,-0.4822,59,67,100,0,56,Good Posture (ML)
2026-03-07 08:44:46,133.95,21.22,176.03,-0.2751,74,75,100,41,72,Good Posture (ML)
2026-03-07 08:44:49,144.47,24.5,179.36,-0.4915,91,69,100,0,65,Good Posture (ML)
2026-03-07 08:44:53,151.35,11.0,173.83,-0.4993,100,97,100,0,74,Good Posture (ML)
2026-03-07 08:44:56,152.65,5.37,174.85,-0.4572,100,100,100,0,75,Good Posture (ML)
2026-03-07 08:44:59,151.57,1.9,175.05,-0.7524,100,100,100,0,75,Good Posture (ML)
2026-03-07 08:45:02,152.96,11.86,175.61,-0.813,100,95,100,0,73,Good Posture (ML)
2026-03-07 08:45:05,151.97,7.18,176.76,-0.6904,100,100,100,0,75,Good Posture (ML)
2026-03-07 08:45:08,155.66,1.66,174.96,-0.5485,100,100,100,0,75,Good Posture (ML)
2026-03-07 08:45:11,159.11,11.97,174.18,-0.6795,100,95,100,0,73,Good Posture (ML)
2026-03-07 08:45:14,153.86,2.71,176.76,-0.8692,100,100,100,0,75,Good Posture (ML)
2026-03-07 08:45:18,165.9,11.09,174.67,-0.4843,100,96,100,0,74,Good Posture (ML)
2026-03-07 08:45:21,149.69,1.47,176.73,-0.5107,99,100,100,0,74,Good Posture (ML)
2026-03-07 08:45:24,151.89,3.23,179.04,-0.8704,100,100,100,0,75,Good Posture (ML)
2026-03-07 08:45:27,148.62,6.27,177.8,-0.4557,97,100,100,0,74,Good Posture (ML)
2026-03-07 08:45:30,144.07,9.54,177.02,-0.4247,90,100,100,0,72,Good Posture (ML)
2026-03-07 08:45:33,145.13,5.54,178.65,-0.41,92,100,100,0,73,Good Posture (ML)
2026-03-07 08:45:37,142.21,3.68,177.67,-0.5151,87,100,100,0,71,Good Posture (ML)
2026-03-07 08:45:40,141.95,2.62,178.16,-0.4713,87,100,100,0,71,Good Posture (ML)
2026-03-07 08:45:43,136.23,2.59,178.38,-0.5382,77,100,100,0,69,Good Posture (ML)
2026-03-07 08:45:46,144.75,18.57,171.72,-0.4235,91,81,100,0,68,Good Posture (ML)
2026-03-07 08:45:49,140.03,1.9,178.16,-0.5977,84,100,100,0,71,Good Posture (ML)
2026-03-07 08:45:52,144.64,25.24,178.08,-0.428,91,68,100,0,64,Good Posture (ML)
2026-03-07 08:45:55,143.74,19.72,178.98,-0.3895,89,78,100,3,67,Good Posture (ML)
2026-03-07 08:45:58,146.15,14.04,175.97,-0.399,93,90,100,0,70,Good Posture (ML)
2026-03-07 08:46:01,143.58,12.91,177.5,-0.4527,89,93,100,0,70,Good Posture (ML)
2026-03-07 08:46:04,148.93,7.36,178.58,-0.5768,98,100,100,0,74,Good Posture (ML)
2026-03-07 08:46:08,149.23,31.94,177.74,-0.4689,98,61,100,0,64,Good Posture (ML)
2026-03-07 08:46:11,152.74,10.48,172.55,-0.6054,100,98,100,0,74,Good Posture (ML)
2026-03-07 08:46:14,150.07,15.69,173.16,-0.7659,100,87,100,0,71,Good Posture (ML)
2026-03-07 08:46:17,151.9,7.6,173.29,-0.5211,100,100,100,0,75,Good Posture (ML)
2026-03-07 08:46:20,152.5,12.25,172.96,-0.5784,100,94,100,0,73,Good Posture (ML)
2026-03-07 08:46:23,153.12,17.45,173.24,-0.5307,100,83,100,0,70,Good Posture (ML)
2026-03-07 08:46:26,144.17,9.92,174.67,-0.5257,90,99,100,0,72,Good Posture (ML)
2026-03-07 08:46:30,151.16,20.0,171.82,-0.6755,100,78,100,0,69,Good Posture (ML)
2026-03-07 08:46:33,152.57,13.97,173.04,-0.6092,100,90,100,0,72,Good Posture (ML)
2026-03-07 08:46:36,150.78,16.54,173.79,-0.7846,100,85,100,0,71,Good Posture (ML)
2026-03-07 08:46:39,151.72,18.22,174.22,-0.5899,100,82,100,0,70,Good Posture (ML)
2026-03-07 08:46:42,151.76,15.95,173.76,-0.5991,100,86,100,0,71,Good Posture (ML)
2026-03-07 08:46:45,146.1,18.38,173.18,-1.5411,93,81,100,0,68,Good Posture (ML)
2026-03-07 08:46:48,143.49,18.23,172.34,-1.6496,89,82,100,0,67,Good Posture (ML)
2026-03-07 08:46:52,161.43,31.26,176.43,-0.3581,100,62,100,13,68,Good Posture (ML)
2026-03-07 08:46:55,157.33,23.56,174.78,-0.4994,100,70,100,0,67,Good Posture (ML)
2026-03-07 08:46:58,150.41,4.51,173.51,-0.5428,100,100,100,0,75,Good Posture (ML)
2026-03-07 08:47:01,150.57,8.18,173.75,-0.6202,100,100,100,0,75,Good Posture (ML)
2026-03-07 08:47:04,151.24,10.95,173.04,-0.5749,100,97,100,0,74,Good Posture (ML)
2026-03-07 08:47:07,150.83,15.08,173.36,-0.6374,100,88,100,0,72,Good Posture (ML)
2026-03-07 08:47:10,151.51,12.95,173.82,-0.6026,100,93,100,0,73,Good Posture (ML)
2026-03-07 08:47:13,141.67,6.71,178.06,-0.7781,86,100,100,0,71,Good Posture (ML)
2026-03-07 08:47:16,144.06,1.26,176.08,-0.6845,90,100,100,0,72,Good Posture (ML)
2026-03-07 08:47:19,144.65,4.22,175.11,-0.7362,91,100,100,0,72,Good Posture (ML)
2026-03-07 08:47:23,145.87,11.91,179.8,-0.6413,93,95,100,0,72,Good Posture (ML)
2026-03-07 08:47:26,150.34,1.08,179.73,-0.5465,100,100,100,0,75,Good Posture (ML)
2026-03-07 08:47:29,149.99,4.66,177.61,-0.6766,99,100,100,0,74,Good Posture (ML)
2026-03-07 08:47:32,142.76,0.36,179.91,-0.8696,88,100,100,0,72,Good Posture (ML)
2026-03-07 08:47:35,136.0,28.56,173.84,-0.7601,77,65,100,0,60,Good Posture (ML)
2026-03-07 08:47:38,134.29,14.74,174.94,-1.0566,74,89,100,0,65,Good Posture (ML)
2026-03-07 08:47:41,143.59,2.38,179.96,-0.6416,89,100,100,0,72,Good Posture (ML)
2026-03-07 08:47:44,129.6,1.84,173.72,-0.7754,67,100,100,0,66,Good Posture (ML)
2026-03-07 08:47:47,133.46,3.93,177.14,-0.632,73,100,100,0,68,Good Posture (ML)
2026-03-07 08:47:51,143.71,30.17,178.96,-0.6531,89,63,100,0,63,Good Posture (ML)
2026-03-07 08:47:54,157.08,17.2,175.63,-0.2167,100,84,100,61,86,Good Posture (ML)
2026-03-07 08:47:57,139.5,30.02,177.28,-0.5972,83,63,100,0,61,Good Posture (ML)
2026-03-07 08:48:00,148.58,13.35,172.26,-0.8596,97,92,100,0,72,Good Posture (ML)
2026-03-07 08:48:03,147.94,8.17,173.23,-0.7875,96,100,100,0,74,Good Posture (ML)
2026-03-07 08:48:06,148.65,8.78,173.78,-0.8388,97,100,100,0,74,Good Posture (ML)
2026-03-07 08:48:09,148.64,7.34,173.25,-0.8612,97,100,100,0,74,Good Posture (ML)
2026-03-07 08:48:12,148.12,8.45,172.85,-0.7149,96,100,100,0,74,Good Posture (ML)
2026-03-07 08:48:15,148.83,5.94,172.95,-0.8398,98,100,100,0,74,Good Posture (ML)
2026-03-07 08:48:19,140.41,3.68,173.91,-0.6701,84,100,100,0,71,Good Posture (ML)
2026-03-07 08:48:22,141.77,2.52,173.75,-0.5936,86,100,100,0,71,Good Posture (ML)
2026-03-07 08:48:25,129.7,29.26,176.84,-0.5993,67,64,100,0,57,Good Posture (ML)
2026-03-07 08:48:28,140.41,3.8,172.46,-0.8936,84,100,100,0,71,Good Posture (ML)
2026-03-07 08:48:31,145.75,0.93,172.06,-0.5721,93,100,100,0,73,Good Posture (ML)
2026-03-07 08:48:34,160.28,2.71,173.07,-0.5161,100,100,100,0,75,Good Posture (ML)
2026-03-07 08:48:37,152.46,24.68,173.78,-0.9175,100,69,100,0,67,Good Posture (ML)
2026-03-07 08:48:40,154.95,22.13,175.64,-0.683,100,73,100,0,68,Good Posture (ML)
2026-03-07 08:48:44,167.01,24.08,177.85,-0.3139,100,69,100,28,74,Good Posture (ML)
2026-03-07 08:48:47,165.01,30.35,176.39,-0.3397,100,63,100,20,70,Good Posture (ML)
2026-03-07 08:48:50,164.31,31.77,177.02,-0.3525,100,61,100,15,69,Good Posture (ML)
2026-03-07 08:48:53,162.54,31.56,176.53,-0.4102,100,62,100,0,65,Good Posture (ML)
2026-03-07 08:48:56,164.48,31.23,176.58,-0.3504,100,62,100,16,69,Good Posture (ML)
2026-03-07 08:48:59,162.36,33.74,176.35,-0.4455,100,59,100,0,64,Good Posture (ML)
2026-03-07 08:49:02,161.43,38.23,175.75,-0.5048,100,55,100,0,63,Good Posture (ML)
2026-03-07 08:49:05,159.65,35.06,175.14,-0.5364,100,58,100,0,64,Good Posture (ML)
2026-03-07 08:49:08,161.38,34.4,174.62,-0.4861,100,59,100,0,64,Good Posture (ML)
2026-03-07 08:49:11,161.49,38.7,175.67,-0.5912,100,54,100,0,63,Good Posture (ML)
2026-03-07 08:49:14,159.42,30.74,174.79,-0.5457,100,62,100,0,65,Good Posture (ML)
2026-03-07 08:49:17,147.91,28.53,177.5,-0.7707,96,65,100,0,65,Good Posture (ML)
2026-03-07 08:49:20,158.9,12.95,174.41,-0.3699,100,93,100,10,75,Good Posture (ML)
2026-03-07 08:49:23,145.63,23.72,177.45,-0.7575,93,70,100,0,65,Good Posture (ML)
2026-03-07 08:49:26,143.89,31.22,179.77,-0.5682,90,62,100,0,63,Good Posture (ML)
2026-03-07 08:49:30,153.25,27.4,173.08,-0.4982,100,66,100,0,66,Good Posture (ML)
2026-03-07 08:49:33,143.75,13.05,172.09,-1.8175,89,92,100,0,70,Good Posture (ML)
2026-03-07 08:49:36,163.51,33.14,174.58,-0.6395,100,60,100,0,65,Good Posture (ML)
2026-03-07 08:49:39,130.43,15.46,171.17,-2.3137,68,87,100,0,63,Good Posture (ML)
2026-03-07 08:49:42,137.37,46.92,175.88,-1.9147,79,46,100,0,56,Good Posture (ML)
2026-03-07 08:49:45,136.13,16.26,177.26,-0.5423,77,86,100,0,65,Good Posture (ML)
2026-03-07 08:49:48,130.7,12.0,177.91,-1.5029,69,95,100,0,66,Good Posture (ML)
2026-03-07 08:49:51,141.54,45.11,165.4,-2.1836,86,48,100,0,58,Good Posture (ML)
2026-03-07 08:49:55,130.21,23.48,161.62,-2.3533,68,71,100,0,59,Good Posture (ML)
2026-03-07 08:49:58,133.19,55.08,170.75,-1.8732,73,37,100,0,52,Bad Posture (ML)
2026-03-07 08:50:01,146.76,23.27,157.5,-1.1851,94,71,100,0,66,Good Posture (ML)
2026-03-07 08:50:04,129.77,50.06,177.52,-0.9006,67,42,100,0,52,Bad Posture (ML)
2026-03-07 08:50:07,124.49,11.17,178.37,-2.7471,59,96,100,0,63,Good Posture (ML)
2026-03-07 08:50:10,147.69,28.28,173.57,-1.3046,96,65,100,0,65,Good Posture (ML)
2026-03-07 08:50:15,157.26,324.54,172.39,-2.0012,100,0,100,0,50,Good Posture (ML)
2026-03-07 08:50:18,134.65,101.86,171.47,-2.4842,75,0,100,0,43,Bad Posture (ML)
2026-03-07 08:50:21,147.49,57.24,94.24,-1.9834,95,35,47,0,44,Bad Posture (ML)
2026-03-07 08:50:24,127.15,34.4,177.59,-1.4365,63,59,100,0,55,Bad Posture (ML)
2026-03-07 08:50:27,160.76,31.38,175.42,-2.0424,100,62,100,0,65,Good Posture (ML)
2026-03-07 08:50:31,123.25,16.85,179.59,-1.3572,59,84,100,0,60,Good Posture (ML)
2026-03-07 08:50:34,146.4,298.59,171.3,-1.9909,94,0,100,0,48,Good Posture (ML)
2026-03-07 08:50:37,127.31,21.36,177.17,-1.6162,63,75,100,0,59,Good Posture (ML)
2026-03-07 08:50:40,145.77,13.21,172.81,-1.1076,93,92,100,0,71,Good Posture (ML)
2026-03-07 08:50:43,135.72,8.4,174.69,-1.0131,77,100,100,0,69,Good Posture (ML)
2026-03-07 08:50:46,144.67,22.46,173.65,-0.9458,91,73,100,0,66,Good Posture (ML)
2026-03-07 08:50:49,147.15,32.39,171.08,-1.2957,95,61,100,0,64,Good Posture (ML)
