timestamp,neck_angle,shoulder_diff,spine_angle,neck_score,shoulder_score,spine_score,total_score,status
2026-03-06 14:13:48,170.74,4.16,158.82,100,100,98,99,Good Posture
2026-03-06 14:13:48,158.33,8.51,176.26,95,100,100,98,Good Posture
2026-03-06 14:13:48,170.13,7.84,168.87,100,100,100,100,Good Posture
2026-03-06 14:13:48,176.7,8.53,158.05,100,100,96,98,Good Posture
2026-03-06 14:13:48,175.15,2.27,172.59,100,100,100,100,Good Posture
2026-03-06 14:13:48,161.51,8.91,168.83,100,100,100,100,Good Posture
2026-03-06 14:13:48,163.99,5.38,158.57,100,100,97,99,Good Posture
2026-03-06 14:13:48,160.49,7.36,170.94,100,100,100,100,Good Posture
2026-03-06 14:13:48,170.31,5.07,177.94,100,100,100,100,Good Posture
2026-03-06 14:13:48,177.62,7.48,171.01,100,100,100,100,Good Posture
2026-03-06 14:13:48,171.77,5.11,160.7,100,100,100,100,Good Posture
2026-03-06 14:13:48,172.43,6.2,164.2,100,100,100,100,Good Posture
2026-03-06 14:13:48,167.72,9.12,176.68,100,100,100,100,Good Posture
2026-03-06 14:13:48,165.16,6.57,164.44,100,100,100,100,Good Posture
2026-03-06 14:13:48,169.89,4.7,165.83,100,100,100,100,Good Posture
2026-03-06 14:13:48,175.81,3.82,170.46,100,100,100,100,Good Posture
2026-03-06 14:13:48,159.68,8.66,173.74,99,100,100,99,Good Posture
2026-03-06 14:13:48,162.79,9.01,159.17,100,100,98,99,Good Posture
2026-03-06 14:13:48,164.72,3.2,167.01,100,100,100,100,Good Posture
2026-03-06 14:13:48,173.93,3.85,159.04,100,100,98,99,Good Posture
2026-03-06 14:13:48,166.09,3.59,159.82,100,100,99,99,Good Posture
2026-03-06 14:13:48,169.61,4.39,171.44,100,100,100,100,Good Posture
2026-03-06 14:13:48,161.99,9.54,165.3,100,100,100,100,Good Posture
2026-03-06 14:13:48,160.11,7.03,176.54,100,100,100,100,Good Posture
2026-03-06 14:13:48,166.81,9.64,168.0,100,99,100,99,Good Posture
2026-03-06 14:13:48,166.5,6.96,177.9,100,100,100,100,Good Posture
2026-03-06 14:13:48,176.98,5.68,173.15,100,100,100,100,Good Posture
2026-03-06 14:13:48,167.95,6.23,173.72,100,100,100,100,Good Posture
2026-03-06 14:13:48,166.29,7.88,172.22,100,100,100,100,Good Posture
2026-03-06 14:13:48,176.64,2.92,172.58,100,100,100,100,Good Posture
2026-03-06 14:13:48,176.55,9.74,158.29,100,99,97,98,Good Posture
2026-03-06 14:13:48,175.27,9.85,177.14,100,99,100,99,Good Posture
2026-03-06 14:13:48,160.98,9.78,175.8,100,99,100,99,Good Posture
2026-03-06 14:13:48,174.45,5.84,162.65,100,100,100,100,Good Posture
2026-03-06 14:13:48,174.04,9.39,163.32,100,100,100,100,Good Posture
2026-03-06 14:13:48,168.78,5.54,176.62,100,100,100,100,Good Posture
2026-03-06 14:13:48,158.81,7.86,170.29,97,100,100,99,Good Posture
2026-03-06 14:13:48,158.57,7.75,158.32,96,100,97,97,Good Posture
2026-03-06 14:13:48,173.16,6.1,176.58,100,100,100,100,Good Posture
2026-03-06 14:13:48,159.32,8.73,159.33,98,100,98,98,Good Posture
2026-03-06 14:13:48,164.89,5.44,177.32,100,100,100,100,Good Posture
2026-03-06 14:13:48,169.24,4.07,162.83,100,100,100,100,Good Posture
2026-03-06 14:13:48,175.76,3.81,160.49,100,100,100,100,Good Posture
2026-03-06 14:13:48,163.77,6.69,169.08,100,100,100,100,Good Posture
2026-03-06 14:13:48,174.19,6.48,163.77,100,100,100,100,Good Posture
2026-03-06 14:13:48,166.26,8.54,170.53,100,100,100,100,Good Posture
2026-03-06 14:13:48,177.18,4.96,169.05,100,100,100,100,Good Posture
2026-03-06 14:13:48,169.88,8.79,160.91,100,100,100,100,Good Posture
2026-03-06 14:13:48,166.13,9.28,158.86,100,100,98,99,Good Posture
2026-03-06 14:13:48,174.45,5.32,174.6,100,100,100,100,Good Posture
2026-03-06 14:13:48,158.2,4.92,159.57,95,100,99,98,Good Posture
2026-03-06 14:13:48,171.05,4.19,172.05,100,100,100,100,Good Posture
2026-03-06 14:13:48,176.88,3.01,175.3,100,100,100,100,Good Posture
2026-03-06 14:13:48,159.19,5.05,166.6,97,100,100,99,Good Posture
2026-03-06 14:13:48,167.78,9.81,173.51,100,99,100,99,Good Posture
2026-03-06 14:13:48,164.18,4.16,175.26,100,100,100,100,Good Posture
2026-03-06 14:13:48,175.63,6.09,164.89,100,100,100,100,Good Posture
2026-03-06 14:13:48,177.9,4.53,161.65,100,100,100,100,Good Posture
2026-03-06 14:13:48,175.6,8.5,171.36,100,100,100,100,Good Posture
2026-03-06 14:13:48,177.17,9.41,172.96,100,100,100,100,Good Posture
2026-03-06 14:13:48,175.21,3.98,160.82,100,100,100,100,Good Posture
2026-03-06 14:13:48,171.4,7.72,161.34,100,100,100,100,Good Posture
2026-03-06 14:13:48,165.91,9.28,169.23,100,100,100,100,Good Posture
2026-03-06 14:13:48,169.57,3.55,168.52,100,100,100,100,Good Posture
2026-03-06 14:13:48,168.47,2.71,177.64,100,100,100,100,Good Posture
2026-03-06 14:13:48,169.43,2.05,173.45,100,100,100,100,Good Posture
2026-03-06 14:13:48,177.57,6.72,164.39,100,100,100,100,Good Posture
2026-03-06 14:13:48,161.75,7.38,161.9,100,100,100,100,Good Posture
2026-03-06 14:13:48,169.55,6.82,177.25,100,100,100,100,Good Posture
2026-03-06 14:13:48,159.45,6.0,172.88,98,100,100,99,Good Posture
2026-03-06 14:13:48,161.54,5.1,159.26,100,100,98,99,Good Posture
2026-03-06 14:13:48,172.52,2.7,165.9,100,100,100,100,Good Posture
2026-03-06 14:13:48,175.47,5.78,176.25,100,100,100,100,Good Posture
2026-03-06 14:13:48,173.32,9.32,160.55,100,100,100,100,Good Posture
2026-03-06 14:13:48,159.47,2.56,175.38,98,100,100,99,Good Posture
2026-03-06 14:13:48,170.68,5.97,161.27,100,100,100,100,Good Posture
2026-03-06 14:13:48,171.47,4.54,172.22,100,100,100,100,Good Posture
2026-03-06 14:13:48,167.21,6.06,173.79,100,100,100,100,Good Posture
2026-03-06 14:13:48,159.85,6.63,161.94,99,100,100,99,Good Posture
2026-03-06 14:13:48,174.16,5.91,177.77,100,100,100,100,Good Posture
2026-03-06 14:13:48,161.66,9.7,174.02,100,99,100,99,Good Posture
2026-03-06 14:13:48,167.63,8.51,170.06,100,100,100,100,Good Posture
2026-03-06 14:13:48,171.1,9.31,159.31,100,100,98,99,Good Posture
2026-03-06 14:13:48,174.7,5.05,164.51,100,100,100,100,Good Posture
2026-03-06 14:13:48,177.88,8.25,167.71,100,100,100,100,Good Posture
2026-03-06 14:13:48,166.45,9.02,159.74,100,100,99,99,Good Posture
2026-03-06 14:13:48,172.17,8.31,173.98,100,100,100,100,Good Posture
2026-03-06 14:13:48,164.45,8.37,162.51,100,100,100,100,Good Posture
2026-03-06 14:13:48,165.25,5.34,168.83,100,100,100,100,Good Posture
2026-03-06 14:13:48,160.25,5.26,158.01,100,100,96,98,Good Posture
2026-03-06 14:13:48,172.89,8.82,160.78,100,100,100,100,Good Posture
2026-03-06 14:13:48,172.08,8.57,177.64,100,100,100,100,Good Posture
2026-03-06 14:13:48,174.88,5.39,177.59,100,100,100,100,Good Posture
2026-03-06 14:13:48,177.48,6.03,173.07,100,100,100,100,Good Posture
2026-03-06 14:13:48,176.28,5.81,175.28,100,100,100,100,Good Posture
2026-03-06 14:13:48,172.03,4.35,173.35,100,100,100,100,Good Posture
2026-03-06 14:13:48,169.41,2.75,165.83,100,100,100,100,Good Posture
2026-03-06 14:13:48,159.47,5.81,166.57,98,100,100,99,Good Posture
2026-03-06 14:13:48,166.47,6.69,160.45,100,100,100,100,Good Posture
2026-03-06 14:13:48,176.68,7.47,174.48,100,100,100,100,Good Posture
2026-03-06 14:13:48,175.94,6.67,158.8,100,100,98,99,Good Posture
2026-03-06 14:13:48,172.23,6.55,174.52,100,100,100,100,Good Posture
2026-03-06 14:13:48,168.64,8.51,177.94,100,100,100,100,Good Posture
2026-03-06 14:13:48,165.01,3.37,165.83,100,100,100,100,Good Posture
2026-03-06 14:13:48,173.06,5.51,169.77,100,100,100,100,Good Posture
2026-03-06 14:13:48,160.55,7.81,163.6,100,100,100,100,Good Posture
2026-03-06 14:13:48,161.81,8.9,169.29,100,100,100,100,Good Posture
2026-03-06 14:13:48,167.69,9.19,159.72,100,100,99,99,Good Posture
2026-03-06 14:13:48,171.92,4.62,161.51,100,100,100,100,Good Posture
2026-03-06 14:13:48,171.5,4.9,164.6,100,100,100,100,Good Posture
2026-03-06 14:13:48,176.87,3.59,168.24,100,100,100,100,Good Posture
2026-03-06 14:13:48,158.48,3.31,175.67,96,100,100,98,Good Posture
2026-03-06 14:13:48,173.78,6.45,162.45,100,100,100,100,Good Posture
2026-03-06 14:13:48,169.15,2.1,172.26,100,100,100,100,Good Posture
2026-03-06 14:13:48,172.34,7.17,170.23,100,100,100,100,Good Posture
2026-03-06 14:13:48,159.47,3.97,169.49,98,100,100,99,Good Posture
2026-03-06 14:13:48,165.88,9.94,176.47,100,99,100,99,Good Posture
2026-03-06 14:13:48,161.04,6.72,171.92,100,100,100,100,Good Posture
2026-03-06 14:13:48,160.73,4.5,172.32,100,100,100,100,Good Posture
2026-03-06 14:13:48,176.02,4.73,162.78,100,100,100,100,Good Posture
2026-03-06 14:13:48,174.44,6.68,167.53,100,100,100,100,Good Posture
2026-03-06 14:13:48,163.12,2.58,158.36,100,100,97,99,Good Posture
2026-03-06 14:13:48,169.6,3.53,177.51,100,100,100,100,Good Posture
2026-03-06 14:13:48,160.15,5.62,165.89,100,100,100,100,Good Posture
2026-03-06 14:13:48,162.65,7.99,170.87,100,100,100,100,Good Posture
2026-03-06 14:13:48,172.52,2.66,165.05,100,100,100,100,Good Posture
2026-03-06 14:13:48,168.4,5.41,158.81,100,100,98,99,Good Posture
2026-03-06 14:13:48,161.88,9.56,161.25,100,100,100,100,Good Posture
2026-03-06 14:13:48,175.04,8.58,165.83,100,100,100,100,Good Posture
2026-03-06 14:13:48,167.34,8.59,171.61,100,100,100,100,Good Posture
2026-03-06 14:13:48,174.74,8.06,171.83,100,100,100,100,Good Posture
2026-03-06 14:13:48,176.26,8.58,161.58,100,100,100,100,Good Posture
2026-03-06 14:13:48,172.96,2.69,166.52,100,100,100,100,Good Posture
2026-03-06 14:13:48,165.94,3.62,176.76,100,100,100,100,Good Posture
2026-03-06 14:13:48,159.9,2.04,164.46,99,100,100,99,Good Posture
2026-03-06 14:13:48,177.81,4.12,174.61,100,100,100,100,Good Posture
2026-03-06 14:13:48,161.46,6.69,177.17,100,100,100,100,Good Posture
2026-03-06 14:13:48,172.33,9.84,169.49,100,99,100,99,Good Posture
2026-03-06 14:13:48,177.67,8.7,173.56,100,100,100,100,Good Posture
2026-03-06 14:13:48,175.77,7.05,165.13,100,100,100,100,Good Posture
2026-03-06 14:13:48,168.57,3.81,173.55,100,100,100,100,Good Posture
2026-03-06 14:13:48,161.4,6.62,168.72,100,100,100,100,Good Posture
2026-03-06 14:13:48,171.44,8.08,160.2,100,100,100,100,Good Posture
2026-03-06 14:13:48,170.5,5.31,170.28,100,100,100,100,Good Posture
2026-03-06 14:13:48,171.88,6.68,172.66,100,100,100,100,Good Posture
2026-03-06 14:13:48,168.4,5.7,163.74,100,100,100,100,Good Posture
2026-03-06 14:13:48,162.58,7.56,171.91,100,100,100,100,Good Posture
2026-03-06 14:13:48,161.91,9.77,171.42,100,99,100,99,Good Posture
2026-03-06 14:13:48,168.62,8.73,167.73,100,100,100,100,Good Posture
2026-03-06 14:13:48,167.52,4.07,161.12,100,100,100,100,Good Posture
2026-03-06 14:13:48,134.91,31.1,130.5,48,62,50,53,Bad Posture - Sit Straight!
2026-03-06 14:13:48,122.91,24.39,125.35,43,69,48,53,Bad Posture - Sit Straight!
2026-03-06 14:13:48,142.78,19.69,107.42,56,78,41,58,Bad Posture - Sit Straight!
2026-03-06 14:13:48,140.69,32.37,102.17,51,61,39,50,Bad Posture - Sit Straight!
2026-03-06 14:13:48,116.94,25.91,135.5,41,68,59,56,Bad Posture - Sit Straight!
2026-03-06 14:13:48,131.23,14.79,105.29,46,89,40,58,Bad Posture - Sit Straight!
2026-03-06 14:13:48,127.71,30.39,109.77,45,63,42,50,Bad Posture - Sit Straight!
2026-03-06 14:13:48,112.63,23.78,108.63,40,70,41,50,Bad Posture - Sit Straight!
2026-03-06 14:13:48,112.36,29.33,136.96,40,64,61,55,Bad Posture - Sit Straight!
2026-03-06 14:13:48,123.94,17.35,112.47,44,83,43,56,Bad Posture - Sit Straight!
2026-03-06 14:13:48,122.63,24.42,123.75,43,69,47,53,Bad Posture - Sit Straight!
2026-03-06 14:13:48,122.44,25.94,130.41,43,67,50,53,Bad Posture - Sit Straight!
2026-03-06 14:13:48,129.54,19.68,128.08,46,78,49,57,Bad Posture - Sit Straight!
2026-03-06 14:13:48,130.72,18.51,113.64,46,81,43,56,Bad Posture - Sit Straight!
2026-03-06 14:13:48,129.1,25.31,127.49,46,68,49,54,Bad Posture - Sit Straight!
2026-03-06 14:13:48,123.4,24.14,144.36,44,69,73,62,Bad Posture - Sit Straight!
2026-03-06 14:13:48,124.98,31.08,103.66,44,62,39,48,Bad Posture - Sit Straight!
2026-03-06 14:13:48,140.63,33.54,111.78,51,60,42,51,Bad Posture - Sit Straight!
2026-03-06 14:13:48,110.42,22.08,108.22,39,74,41,51,Bad Posture - Sit Straight!
2026-03-06 14:13:48,144.01,32.44,143.23,60,61,72,64,Bad Posture - Sit Straight!
2026-03-06 14:13:48,131.14,22.88,137.47,46,72,62,60,Bad Posture - Sit Straight!
2026-03-06 14:13:48,132.83,16.21,142.04,47,86,70,67,Bad Posture - Sit Straight!
2026-03-06 14:13:48,125.39,29.34,122.54,44,64,47,51,Bad Posture - Sit Straight!
2026-03-06 14:13:48,116.42,17.4,125.85,41,83,48,57,Bad Posture - Sit Straight!
2026-03-06 14:13:48,115.01,10.34,119.53,41,98,45,61,Bad Posture - Sit Straight!
2026-03-06 14:13:48,136.68,25.35,114.59,48,68,44,53,Bad Posture - Sit Straight!
2026-03-06 14:13:48,135.1,22.11,144.98,48,73,74,65,Bad Posture - Sit Straight!
2026-03-06 14:13:48,137.16,30.77,111.68,48,62,42,50,Bad Posture - Sit Straight!
2026-03-06 14:13:48,115.33,14.98,119.45,41,88,45,58,Bad Posture - Sit Straight!
2026-03-06 14:13:48,127.93,14.87,135.1,45,89,58,64,Bad Posture - Sit Straight!
2026-03-06 14:13:48,140.4,17.9,122.86,50,82,47,59,Bad Posture - Sit Straight!
2026-03-06 14:13:48,130.8,28.06,106.64,46,65,41,50,Bad Posture - Sit Straight!
2026-03-06 14:13:48,119.83,28.27,125.57,42,65,48,51,Bad Posture - Sit Straight!
2026-03-06 14:13:48,141.5,21.2,118.3,53,75,45,57,Bad Posture - Sit Straight!
2026-03-06 14:13:48,120.73,15.78,129.28,43,87,49,59,Bad Posture - Sit Straight!
2026-03-06 14:13:48,119.26,31.56,112.18,42,62,43,49,Bad Posture - Sit Straight!
2026-03-06 14:13:48,133.57,24.2,128.28,47,69,49,55,Bad Posture - Sit Straight!
2026-03-06 14:13:48,141.34,14.25,106.74,53,90,41,61,Bad Posture - Sit Straight!
2026-03-06 14:13:48,114.27,11.91,124.04,40,95,47,60,Bad Posture - Sit Straight!
2026-03-06 14:13:48,115.8,30.18,101.02,41,63,38,47,Bad Posture - Sit Straight!
2026-03-06 14:13:48,123.11,21.83,109.74,43,74,42,53,Bad Posture - Sit Straight!
2026-03-06 14:13:48,122.46,15.57,112.68,43,87,43,57,Bad Posture - Sit Straight!
2026-03-06 14:13:48,142.44,20.43,117.36,56,77,45,59,Bad Posture - Sit Straight!
2026-03-06 14:13:48,131.39,26.6,129.71,46,67,49,54,Bad Posture - Sit Straight!
2026-03-06 14:13:48,112.97,24.55,133.12,40,69,55,54,Bad Posture - Sit Straight!
2026-03-06 14:13:48,137.84,24.71,105.88,49,69,40,52,Bad Posture - Sit Straight!
2026-03-06 14:13:48,112.93,18.08,141.74,40,82,69,63,Bad Posture - Sit Straight!
2026-03-06 14:13:48,126.54,32.39,120.69,45,61,46,50,Bad Posture - Sit Straight!
2026-03-06 14:13:48,136.43,22.13,131.89,48,73,53,58,Bad Posture - Sit Straight!
2026-03-06 14:13:48,121.1,32.25,111.96,43,61,43,49,Bad Posture - Sit Straight!
2026-03-06 14:13:48,110.22,28.03,130.45,39,65,50,51,Bad Posture - Sit Straight!
2026-03-06 14:13:48,132.99,27.19,126.38,47,66,48,53,Bad Posture - Sit Straight!
2026-03-06 14:13:48,114.03,26.73,100.3,40,67,38,48,Bad Posture - Sit Straight!
2026-03-06 14:13:48,116.4,20.52,117.03,41,77,45,54,Bad Posture - Sit Straight!
2026-03-06 14:13:48,114.16,20.67,128.06,40,76,49,55,Bad Posture - Sit Straight!
2026-03-06 14:13:48,123.21,27.71,110.39,44,66,42,50,Bad Posture - Sit Straight!
2026-03-06 14:13:48,115.03,28.72,130.09,41,65,50,52,Bad Posture - Sit Straight!
2026-03-06 14:13:48,125.03,13.42,129.87,44,92,49,61,Bad Posture - Sit Straight!
2026-03-06 14:13:48,136.25,14.1,131.02,48,90,51,63,Bad Posture - Sit Straight!
2026-03-06 14:13:48,122.45,32.88,133.82,43,60,56,53,Bad Posture - Sit Straight!
2026-03-06 14:13:48,119.58,33.45,101.14,42,60,38,46,Bad Posture - Sit Straight!
2026-03-06 14:13:48,116.47,16.05,132.94,41,86,54,60,Bad Posture - Sit Straight!
2026-03-06 14:13:48,128.42,21.61,110.01,45,74,42,53,Bad Posture - Sit Straight!
2026-03-06 14:13:48,136.48,12.93,111.13,48,93,42,61,Bad Posture - Sit Straight!
2026-03-06 14:13:48,138.22,21.28,139.46,49,75,65,63,Bad Posture - Sit Straight!
2026-03-06 14:13:48,131.06,29.74,108.43,46,64,41,50,Bad Posture - Sit Straight!
2026-03-06 14:13:48,121.07,19.42,122.24,43,79,47,56,Bad Posture - Sit Straight!
2026-03-06 14:13:48,126.54,30.56,107.79,45,63,41,49,Bad Posture - Sit Straight!
2026-03-06 14:13:48,139.8,32.23,103.4,49,61,39,49,Bad Posture - Sit Straight!
2026-03-06 14:13:48,110.33,17.32,118.03,39,83,45,55,Bad Posture - Sit Straight!
2026-03-06 14:13:48,143.97,11.79,135.16,59,95,58,70,Bad Posture - Sit Straight!
2026-03-06 14:13:48,126.64,13.25,116.47,45,92,44,60,Bad Posture - Sit Straight!
2026-03-06 14:13:48,123.33,16.09,113.25,44,86,43,57,Bad Posture - Sit Straight!
2026-03-06 14:13:48,124.7,34.06,120.65,44,59,46,49,Bad Posture - Sit Straight!
2026-03-06 14:13:48,143.25,10.76,102.97,58,97,39,64,Bad Posture - Sit Straight!
2026-03-06 14:13:48,110.97,26.65,109.91,39,67,42,49,Bad Posture - Sit Straight!
2026-03-06 14:13:48,130.17,29.88,114.93,46,63,44,51,Bad Posture - Sit Straight!
2026-03-06 14:13:48,118.6,28.14,121.42,42,65,46,51,Bad Posture - Sit Straight!
2026-03-06 14:13:48,115.22,12.19,133.17,41,94,55,63,Bad Posture - Sit Straight!
2026-03-06 14:13:48,140.11,32.26,122.95,50,61,47,52,Bad Posture - Sit Straight!
2026-03-06 14:13:48,115.37,15.64,120.41,41,87,46,58,Bad Posture - Sit Straight!
2026-03-06 14:13:48,139.82,26.25,112.34,49,67,43,53,Bad Posture - Sit Straight!
2026-03-06 14:13:48,136.46,20.89,144.22,48,76,73,65,Bad Posture - Sit Straight!
2026-03-06 14:13:48,125.01,30.93,100.65,44,62,38,48,Bad Posture - Sit Straight!
2026-03-06 14:13:48,135.14,19.96,122.46,48,78,47,57,Bad Posture - Sit Straight!
2026-03-06 14:13:48,116.96,33.24,108.98,41,60,41,47,Bad Posture - Sit Straight!
2026-03-06 14:13:48,129.66,24.93,138.63,46,69,64,59,Bad Posture - Sit Straight!
2026-03-06 14:13:48,126.33,30.75,123.58,45,62,47,51,Bad Posture - Sit Straight!
2026-03-06 14:13:48,143.47,27.92,141.04,58,65,68,63,Bad Posture - Sit Straight!
2026-03-06 14:13:48,142.98,30.06,105.51,57,63,40,53,Bad Posture - Sit Straight!
2026-03-06 14:13:48,114.36,25.41,112.2,40,68,43,50,Bad Posture - Sit Straight!
2026-03-06 14:13:48,123.48,14.35,134.3,44,90,57,63,Bad Posture - Sit Straight!
2026-03-06 14:13:48,139.91,13.32,123.26,49,92,47,62,Bad Posture - Sit Straight!
2026-03-06 14:13:48,123.83,29.75,120.92,44,64,46,51,Bad Posture - Sit Straight!
2026-03-06 14:13:48,135.58,24.15,144.02,48,69,73,63,Bad Posture - Sit Straight!
2026-03-06 14:13:48,124.69,34.69,118.69,44,58,45,49,Bad Posture - Sit Straight!
2026-03-06 14:13:48,116.39,29.55,112.23,41,64,43,49,Bad Posture - Sit Straight!
2026-03-06 14:13:48,129.8,26.15,108.99,46,67,41,51,Bad Posture - Sit Straight!
2026-03-06 14:13:48,111.2,34.68,136.78,39,58,61,52,Bad Posture - Sit Straight!
2026-03-06 14:13:48,114.33,31.2,111.62,40,62,42,48,Bad Posture - Sit Straight!
2026-03-06 14:13:48,118.65,29.32,134.08,42,64,56,54,Bad Posture - Sit Straight!
2026-03-06 14:13:48,139.61,13.42,133.64,49,92,56,65,Bad Posture - Sit Straight!
2026-03-06 14:13:48,126.44,18.15,133.04,45,82,55,60,Bad Posture - Sit Straight!
2026-03-06 14:13:48,139.58,18.06,106.97,49,82,41,57,Bad Posture - Sit Straight!
2026-03-06 14:13:48,144.71,32.98,113.04,61,60,43,54,Bad Posture - Sit Straight!
2026-03-06 14:13:48,138.5,12.24,141.06,49,94,68,70,Bad Posture - Sit Straight!
2026-03-06 14:13:48,137.11,14.92,113.31,48,88,43,59,Bad Posture - Sit Straight!
2026-03-06 14:13:48,130.84,18.89,133.13,46,80,55,60,Bad Posture - Sit Straight!
2026-03-06 14:13:48,130.73,15.18,127.45,46,88,49,61,Bad Posture - Sit Straight!
2026-03-06 14:13:48,110.49,12.79,107.25,39,93,41,57,Bad Posture - Sit Straight!
2026-03-06 14:13:48,122.38,10.3,141.85,43,98,69,70,Bad Posture - Sit Straight!
2026-03-06 14:13:48,118.38,16.77,116.9,42,85,44,57,Bad Posture - Sit Straight!
2026-03-06 14:13:48,142.93,18.8,119.4,57,80,45,60,Bad Posture - Sit Straight!
2026-03-06 14:13:48,120.45,34.41,116.42,43,59,44,48,Bad Posture - Sit Straight!
2026-03-06 14:13:48,112.92,26.45,132.25,40,67,53,53,Bad Posture - Sit Straight!
2026-03-06 14:13:48,123.03,15.28,118.42,43,88,45,58,Bad Posture - Sit Straight!
2026-03-06 14:13:48,125.37,34.88,138.63,44,58,64,55,Bad Posture - Sit Straight!
2026-03-06 14:13:48,131.73,14.85,130.96,47,89,51,62,Bad Posture - Sit Straight!
2026-03-06 14:13:48,136.56,11.88,117.08,48,95,45,62,Bad Posture - Sit Straight!
2026-03-06 14:13:48,121.44,24.26,129.39,43,69,49,53,Bad Posture - Sit Straight!
2026-03-06 14:13:48,116.35,21.74,144.65,41,74,74,63,Bad Posture - Sit Straight!
2026-03-06 14:13:48,110.55,19.27,115.04,39,79,44,54,Bad Posture - Sit Straight!
2026-03-06 14:13:48,124.2,31.73,119.72,44,61,46,50,Bad Posture - Sit Straight!
2026-03-06 14:13:48,140.91,24.39,119.11,52,69,45,55,Bad Posture - Sit Straight!
2026-03-06 14:13:48,118.83,30.59,128.99,42,63,49,51,Bad Posture - Sit Straight!
2026-03-06 14:13:48,117.43,13.25,105.64,41,92,40,57,Bad Posture - Sit Straight!
2026-03-06 14:13:48,141.82,20.08,136.91,54,78,61,64,Bad Posture - Sit Straight!
2026-03-06 14:13:48,141.34,15.66,101.47,53,87,39,59,Bad Posture - Sit Straight!
2026-03-06 14:13:48,116.31,29.32,100.69,41,64,38,47,Bad Posture - Sit Straight!
2026-03-06 14:13:48,129.74,14.78,134.5,46,89,57,64,Bad Posture - Sit Straight!
2026-03-06 14:13:48,126.78,23.73,113.2,45,70,43,52,Bad Posture - Sit Straight!
2026-03-06 14:13:48,125.98,11.14,136.43,44,96,60,66,Bad Posture - Sit Straight!
2026-03-06 14:13:48,141.76,28.82,122.3,54,64,47,55,Bad Posture - Sit Straight!
2026-03-06 14:13:48,139.53,10.1,129.97,49,98,49,65,Bad Posture - Sit Straight!
2026-03-06 14:13:48,136.86,18.17,138.55,48,82,64,64,Bad Posture - Sit Straight!
2026-03-06 14:13:48,110.01,25.8,113.55,39,68,43,50,Bad Posture - Sit Straight!
2026-03-06 14:13:48,132.0,16.28,109.44,47,86,42,58,Bad Posture - Sit Straight!
2026-03-06 14:13:48,131.92,22.42,108.43,47,73,41,53,Bad Posture - Sit Straight!
2026-03-06 14:13:48,141.02,32.06,124.73,52,61,47,53,Bad Posture - Sit Straight!
2026-03-06 14:13:48,134.71,21.28,136.06,48,75,60,61,Bad Posture - Sit Straight!
2026-03-06 14:13:48,139.18,29.1,110.94,49,64,42,51,Bad Posture - Sit Straight!
2026-03-06 14:13:48,110.86,26.46,118.51,39,67,45,50,Bad Posture - Sit Straight!
2026-03-06 14:13:48,141.3,31.5,124.02,53,62,47,54,Bad Posture - Sit Straight!
2026-03-06 14:13:48,123.21,27.82,131.92,44,66,53,54,Bad Posture - Sit Straight!
2026-03-06 14:13:48,133.88,31.06,125.98,47,62,48,52,Bad Posture - Sit Straight!
2026-03-06 14:13:48,128.06,22.92,140.0,45,72,66,61,Bad Posture - Sit Straight!
2026-03-06 14:13:48,122.84,31.05,122.72,43,62,47,50,Bad Posture - Sit Straight!
2026-03-06 14:13:48,112.99,21.22,113.1,40,75,43,52,Bad Posture - Sit Straight!
2026-03-06 14:13:48,128.48,31.33,108.08,45,62,41,49,Bad Posture - Sit Straight!
2026-03-06 14:13:48,126.63,24.56,134.64,45,69,57,57,Bad Posture - Sit Straight!
2026-03-06 14:24:48,148.32,43.65,174.43,70,49,100,73,Bad Posture (ML)
2026-03-06 14:24:51,145.95,41.69,173.71,64,51,100,71,Bad Posture (ML)
2026-03-06 14:24:54,139.47,12.36,177.76,49,94,100,81,Good Posture (ML)
2026-03-06 14:24:57,140.12,20.06,179.06,50,78,100,76,Bad Posture (ML)
2026-03-06 14:25:00,129.11,166.09,177.92,46,0,100,48,Bad Posture (ML)
2026-03-06 14:25:03,137.64,27.18,179.47,49,66,100,71,Bad Posture (ML)
2026-03-06 14:25:06,124.17,31.18,170.35,44,62,100,68,Bad Posture (ML)
2026-03-06 14:25:10,143.62,18.29,174.62,59,81,100,80,Good Posture (ML)
2026-03-06 14:25:13,138.23,17.4,164.61,49,83,100,77,Bad Posture (ML)
2026-03-06 14:25:16,134.16,16.61,168.54,47,85,100,77,Bad Posture (ML)
2026-03-06 14:25:19,152.34,8.32,174.03,80,100,100,93,Good Posture (ML)
2026-03-06 14:25:22,157.16,6.36,178.75,92,100,100,97,Good Posture (ML)
2026-03-06 14:25:25,156.85,9.08,176.18,92,100,100,97,Good Posture (ML)
2026-03-06 14:25:28,158.03,10.57,175.18,95,97,100,97,Good Posture (ML)
2026-03-06 14:25:31,148.67,11.3,173.43,71,96,100,89,Good Posture (ML)
2026-03-06 14:25:34,148.61,27.51,177.29,71,66,100,79,Bad Posture (ML)
2026-03-06 14:25:37,144.16,3.1,173.09,60,100,100,86,Good Posture (ML)
2026-03-06 14:25:40,147.46,1.23,176.84,68,100,100,89,Good Posture (ML)
2026-03-06 14:25:44,140.4,0.88,177.42,50,100,100,83,Good Posture (ML)
2026-03-06 14:25:47,142.18,0.85,178.09,55,100,100,85,Good Posture (ML)
2026-03-06 14:25:50,141.53,0.91,176.54,53,100,100,84,Good Posture (ML)
2026-03-06 14:25:53,141.03,11.34,178.89,52,96,100,82,Good Posture (ML)
2026-03-06 14:25:56,152.38,7.11,173.93,80,100,100,93,Good Posture (ML)
2026-03-06 14:25:59,155.21,7.23,178.54,88,100,100,96,Good Posture (ML)
2026-03-06 14:26:02,152.73,8.9,173.18,81,100,100,93,Good Posture (ML)
2026-03-06 14:26:05,146.3,25.64,171.58,65,68,100,77,Bad Posture (ML)
2026-03-06 14:26:08,149.85,14.45,176.87,74,89,100,87,Good Posture (ML)
2026-03-06 14:31:01,151.77,9.88,172.74,79,99,100,92,Good Posture (ML)
2026-03-06 14:31:04,139.27,9.42,178.46,49,100,100,83,Good Posture (ML)
2026-03-06 14:31:08,149.51,29.75,177.36,73,64,100,79,Bad Posture (ML)
2026-03-06 14:31:11,148.36,0.33,175.66,70,100,100,90,Good Posture (ML)
2026-03-06 14:31:14,142.98,7.49,172.63,57,100,100,85,Good Posture (ML)
2026-03-06 14:31:17,144.88,12.18,168.93,62,94,100,85,Good Posture (ML)
2026-03-06 14:31:20,140.24,8.05,173.49,50,100,100,83,Good Posture (ML)
2026-03-06 14:31:23,133.09,19.0,171.91,47,80,100,75,Bad Posture (ML)
2026-03-06 14:31:26,153.86,8.2,170.81,84,100,100,94,Good Posture (ML)
2026-03-06 14:31:29,125.42,16.74,179.44,44,85,100,76,Bad Posture (ML)
2026-03-06 14:31:32,133.56,11.72,177.22,47,95,100,80,Good Posture (ML)
2026-03-06 14:31:35,143.3,1.05,173.58,58,100,100,86,Good Posture (ML)
2026-03-06 14:31:38,131.77,14.94,177.46,47,88,100,78,Bad Posture (ML)
2026-03-06 14:31:41,152.47,10.45,174.51,81,98,100,93,Good Posture (ML)
2026-03-06 14:31:44,149.29,11.35,177.71,73,96,100,89,Good Posture (ML)
2026-03-06 14:31:47,153.37,17.76,172.78,83,82,100,88,Good Posture (ML)
2026-03-06 14:31:51,139.31,29.61,174.69,49,64,100,71,Bad Posture (ML)
2026-03-06 14:31:54,150.03,10.74,173.98,75,97,100,90,Good Posture (ML)
2026-03-06 14:31:57,155.6,2.99,176.44,88,100,100,96,Good Posture (ML)
2026-03-06 14:32:00,141.46,18.2,173.6,53,82,100,78,Bad Posture (ML)
2026-03-06 14:32:03,154.92,31.22,174.22,87,62,100,83,Good Posture (ML)
2026-03-06 14:32:06,144.49,0.09,174.35,61,100,100,87,Good Posture (ML)
2026-03-06 14:32:09,159.14,10.76,168.78,97,97,100,98,Good Posture (ML)
2026-03-06 14:32:12,148.83,12.34,161.14,72,94,100,88,Good Posture (ML)
2026-03-06 14:32:15,150.58,65.11,169.64,76,27,100,67,Bad Posture (ML)
2026-03-06 14:32:18,159.27,29.41,179.91,98,64,100,87,Good Posture (ML)
2026-03-06 14:32:21,157.57,3.55,174.43,93,100,100,97,Good Posture (ML)
2026-03-06 14:32:24,144.33,17.8,179.44,60,82,100,80,Bad Posture (ML)
2026-03-06 14:32:27,149.84,40.5,165.76,74,52,100,75,Bad Posture (ML)
2026-03-06 14:32:30,146.95,18.35,172.88,67,81,100,82,Bad Posture (ML)
2026-03-06 14:32:33,156.97,16.96,155.23,92,84,92,89,Good Posture (ML)
2026-03-06 14:32:36,144.67,8.1,169.68,61,100,100,87,Good Posture (ML)
2026-03-06 14:32:39,168.44,4.19,172.79,100,100,100,100,Good Posture (ML)
2026-03-06 14:32:42,146.94,14.44,177.94,67,89,100,85,Good Posture (ML)
2026-03-06 14:32:45,135.78,1.92,175.94,48,100,100,82,Good Posture (ML)
2026-03-06 14:32:48,152.35,21.81,173.52,80,74,100,84,Good Posture (ML)
2026-03-06 14:32:51,148.26,21.93,31.07,70,74,11,51,Bad Posture (ML)
2026-03-06 14:32:54,111.69,51.58,19.43,39,41,7,29,Bad Posture (ML)
2026-03-06 14:32:57,125.53,62.13,127.74,44,30,49,41,Bad Posture (ML)
2026-03-06 14:33:00,144.93,17.84,179.01,62,82,100,81,Bad Posture (ML)
2026-03-06 14:33:04,155.54,53.22,176.66,88,39,100,75,Good Posture (ML)
2026-03-06 14:33:07,158.55,41.09,176.74,96,52,100,82,Good Posture (ML)
2026-03-06 14:33:10,130.26,0.73,176.82,46,100,100,82,Good Posture (ML)
2026-03-06 14:33:13,139.49,25.12,175.38,49,68,100,72,Bad Posture (ML)
2026-03-06 14:33:16,139.27,17.08,156.32,49,84,93,75,Bad Posture (ML)
2026-03-06 14:33:19,138.64,10.96,176.64,49,97,100,82,Good Posture (ML)
2026-03-06 14:33:22,153.63,2.11,163.94,84,100,100,94,Good Posture (ML)
2026-03-06 14:33:25,150.69,9.44,172.12,76,100,100,92,Good Posture (ML)
2026-03-06 14:33:28,151.56,1.28,172.76,78,100,100,92,Good Posture (ML)
2026-03-06 14:33:31,145.01,1.42,171.88,62,100,100,87,Good Posture (ML)
2026-03-06 14:33:34,150.69,46.06,169.71,76,47,100,74,Bad Posture (ML)
2026-03-06 14:33:37,156.27,26.88,174.57,90,67,100,85,Good Posture (ML)
2026-03-06 14:33:40,144.88,10.62,165.13,62,97,100,86,Good Posture (ML)
2026-03-06 14:33:43,143.05,7.4,177.74,57,100,100,85,Good Posture (ML)
2026-03-06 14:33:46,150.79,2.29,177.79,76,100,100,92,Good Posture (ML)
2026-03-06 14:33:49,141.88,27.53,172.31,54,66,100,73,Bad Posture (ML)
2026-03-06 14:33:52,139.42,3.17,176.93,49,100,100,83,Good Posture (ML)
2026-03-06 14:33:55,129.49,8.72,175.77,46,100,100,82,Good Posture (ML)
2026-03-06 14:33:58,139.93,13.29,167.79,49,92,100,80,Bad Posture (ML)
2026-03-06 14:34:01,123.6,40.0,179.39,44,53,100,65,Bad Posture (ML)
2026-03-06 14:34:04,135.2,55.4,177.64,48,37,100,61,Bad Posture (ML)
2026-03-06 14:34:08,146.98,20.11,171.58,67,78,100,81,Bad Posture (ML)
2026-03-06 14:34:11,128.41,0.59,179.97,45,100,100,81,Good Posture (ML)
2026-03-06 14:34:14,152.22,0.03,172.34,80,100,100,93,Good Posture (ML)
2026-03-06 14:34:17,177.51,103.52,165.57,100,0,100,66,Good Posture (ML)
2026-03-06 14:34:20,132.3,32.68,176.57,47,60,100,69,Bad Posture (ML)
2026-03-06 14:34:23,153.33,55.85,165.2,83,36,100,73,Good Posture (ML)
2026-03-06 14:34:26,137.61,1.37,172.54,49,100,100,83,Good Posture (ML)
2026-03-06 14:34:29,147.61,6.02,173.93,69,100,100,89,Good Posture (ML)
2026-03-06 14:34:32,151.53,7.31,171.74,78,100,100,92,Good Posture (ML)
2026-03-06 14:34:35,147.07,3.53,169.86,67,100,100,89,Good Posture (ML)
2026-03-06 14:34:38,162.68,18.66,173.73,100,81,100,93,Good Posture (ML)
2026-03-06 14:34:41,153.79,2.23,169.89,84,100,100,94,Good Posture (ML)
2026-03-06 14:34:44,142.55,14.55,169.33,56,89,100,81,Bad Posture (ML)
2026-03-06 14:34:47,143.93,5.26,175.86,59,100,100,86,Good Posture (ML)
2026-03-06 14:34:51,148.82,12.01,171.44,72,94,100,88,Good Posture (ML)
2026-03-06 14:34:54,177.8,33.01,168.7,100,60,100,86,Good Posture (ML)
2026-03-06 14:34:57,129.6,56.51,176.33,46,36,100,60,Bad Posture (ML)
2026-03-06 14:35:00,139.8,16.2,172.38,49,86,100,78,Bad Posture (ML)
2026-03-06 14:35:03,136.03,2.13,173.2,48,100,100,82,Good Posture (ML)
2026-03-06 14:35:06,156.06,3.04,173.53,90,100,100,96,Good Posture (ML)
2026-03-06 14:35:09,159.69,2.15,174.68,99,100,100,99,Good Posture (ML)
2026-03-06 14:35:12,135.17,1.7,174.78,48,100,100,82,Good Posture (ML)
2026-03-06 14:35:15,134.79,11.57,175.99,48,95,100,81,Good Posture (ML)
2026-03-06 14:35:18,144.43,8.57,175.51,61,100,100,87,Good Posture (ML)
2026-03-06 14:35:21,133.05,21.2,178.15,47,75,100,74,Bad Posture (ML)
2026-03-06 14:35:24,141.38,8.23,171.93,53,100,100,84,Good Posture (ML)
2026-03-06 14:35:27,138.94,3.51,160.45,49,100,100,83,Good Posture (ML)
2026-03-06 14:35:31,149.06,23.68,168.94,72,70,100,80,Bad Posture (ML)
2026-03-06 14:35:34,134.81,1.58,178.27,48,100,100,82,Good Posture (ML)
2026-03-06 14:35:37,133.56,2.52,176.99,47,100,100,82,Good Posture (ML)
2026-03-06 14:35:40,138.13,4.0,172.72,49,100,100,83,Good Posture (ML)
2026-03-06 14:35:43,141.05,3.73,172.94,52,100,100,84,Good Posture (ML)
2026-03-06 14:35:46,138.73,6.87,176.16,49,100,100,83,Good Posture (ML)
2026-03-06 14:35:49,142.74,15.55,176.74,56,87,100,81,Bad Posture (ML)
2026-03-06 14:35:52,147.89,10.46,174.49,69,98,100,89,Good Posture (ML)
2026-03-06 14:35:55,147.46,23.61,174.8,68,70,100,79,Bad Posture (ML)
2026-03-06 14:35:58,142.89,26.18,170.28,57,67,100,74,Bad Posture (ML)
2026-03-06 14:36:01,146.62,0.15,173.78,66,100,100,88,Good Posture (ML)
2026-03-06 14:36:04,147.84,30.03,172.67,69,63,100,77,Bad Posture (ML)
2026-03-06 18:50:43,133.47,5.42,167.36,47,100,100,82,Good Posture (ML)
2026-03-06 18:50:46,143.16,25.17,177.93,57,68,100,75,Good Posture (ML)
2026-03-06 18:50:49,141.59,5.11,175.97,53,100,100,84,Good Posture (ML)
2026-03-06 18:50:52,145.06,17.87,177.25,62,82,100,81,Good Posture (ML)
2026-03-06 18:50:55,141.84,28.24,177.87,54,65,100,73,Good Posture (ML)
2026-03-06 18:50:58,140.14,15.23,172.99,50,88,100,79,Good Posture (ML)
2026-03-06 18:51:01,143.86,55.99,168.92,59,36,100,65,Good Posture (ML)
2026-03-06 18:51:04,146.13,60.92,170.16,65,31,100,65,Good Posture (ML)
2026-03-06 18:51:07,169.78,89.37,168.68,100,1,100,67,Good Posture (ML)
2026-03-06 18:51:10,168.7,66.15,171.53,100,26,100,75,Good Posture (ML)
2026-03-06 18:51:13,158.02,118.1,168.79,95,0,100,65,Good Posture (ML)
2026-03-06 18:51:16,143.87,99.26,166.14,59,0,100,53,Bad Posture (ML)
2026-03-06 18:51:19,121.47,22.08,171.92,43,73,100,72,Good Posture (ML)
2026-03-06 18:51:22,148.78,3.17,174.84,71,100,100,90,Good Posture (ML)
2026-03-06 18:51:25,146.39,13.55,173.78,65,91,100,85,Good Posture (ML)
2026-03-06 18:51:28,126.37,6.09,172.08,45,100,100,81,Good Posture (ML)
2026-03-06 18:51:31,136.8,37.85,178.24,48,55,100,67,Bad Posture (ML)
2026-03-06 18:51:34,123.41,10.37,174.49,44,98,100,80,Good Posture (ML)
2026-03-06 18:51:37,136.28,38.95,177.01,48,54,100,67,Bad Posture (ML)
2026-03-06 18:51:41,134.12,67.31,178.11,47,24,100,57,Bad Posture (ML)
2026-03-06 18:51:44,142.02,13.78,175.29,55,91,100,82,Good Posture (ML)
2026-03-06 18:51:47,144.26,6.18,174.38,60,100,100,86,Good Posture (ML)
2026-03-06 18:51:50,139.42,2.87,174.92,49,100,100,83,Good Posture (ML)
2026-03-06 18:51:53,149.28,1.45,176.48,73,100,100,91,Good Posture (ML)
2026-03-06 18:51:56,143.38,23.15,175.21,58,71,100,76,Good Posture (ML)
2026-03-06 18:51:59,141.94,6.37,171.21,54,100,100,84,Good Posture (ML)
2026-03-06 18:52:02,145.68,6.21,176.45,64,100,100,88,Good Posture (ML)
2026-03-06 18:52:05,136.27,9.95,174.88,48,99,100,82,Good Posture (ML)
2026-03-06 18:52:08,141.73,9.38,172.89,54,100,100,84,Good Posture (ML)
2026-03-06 18:52:11,145.4,20.96,173.88,63,76,100,79,Good Posture (ML)
2026-03-06 18:52:14,146.21,7.44,173.95,65,100,100,88,Good Posture (ML)
2026-03-06 18:52:17,146.71,11.17,174.03,66,96,100,87,Good Posture (ML)
2026-03-06 18:52:20,134.87,12.27,174.03,48,94,100,80,Good Posture (ML)
2026-03-06 18:52:23,138.84,7.51,175.16,49,100,100,83,Good Posture (ML)
2026-03-06 18:52:26,138.55,26.76,179.74,49,67,100,72,Good Posture (ML)
2026-03-06 18:52:29,161.09,68.88,171.53,100,23,100,74,Good Posture (ML)
2026-03-06 18:52:32,138.12,10.28,171.57,49,98,100,82,Good Posture (ML)
2026-03-06 18:52:35,140.84,1.04,176.46,52,100,100,84,Good Posture (ML)
2026-03-06 18:52:38,142.0,11.17,176.91,55,96,100,83,Good Posture (ML)
2026-03-06 18:52:41,141.6,3.1,173.45,54,100,100,84,Good Posture (ML)
2026-03-06 18:52:44,138.86,33.46,168.55,49,60,100,69,Good Posture (ML)
2026-03-06 18:52:47,145.46,34.92,177.1,63,58,100,73,Good Posture (ML)
2026-03-06 18:52:50,138.23,35.46,171.41,49,58,100,69,Good Posture (ML)
2026-03-06 18:52:53,134.5,38.43,165.66,48,54,100,67,Good Posture (ML)
2026-03-06 18:52:56,135.23,45.23,167.36,48,47,100,65,Good Posture (ML)
2026-03-06 18:52:59,140.66,42.93,169.81,51,50,100,67,Good Posture (ML)
2026-03-06 18:53:02,135.79,35.42,174.16,48,58,100,68,Good Posture (ML)
2026-03-06 18:53:05,142.12,5.42,172.12,55,100,100,85,Good Posture (ML)
2026-03-06 18:53:08,136.94,8.25,171.06,48,100,100,82,Good Posture (ML)
2026-03-06 18:53:12,138.18,8.12,172.84,49,100,100,83,Good Posture (ML)
2026-03-06 18:53:15,144.41,47.16,170.71,61,45,100,68,Good Posture (ML)
2026-03-06 20:48:53,148.47,5.64,172.08,71,100,100,90,Good Posture (ML)
2026-03-06 20:48:56,137.27,117.06,178.68,49,0,100,49,Bad Posture (ML)
2026-03-06 20:48:59,150.94,39.59,167.77,77,53,100,76,Good Posture (ML)
2026-03-06 20:49:02,148.06,7.92,173.15,70,100,100,90,Good Posture (ML)
2026-03-06 20:49:05,148.94,24.3,14.51,72,69,5,48,Bad Posture (ML)
2026-03-06 20:49:08,142.94,29.52,170.98,57,64,100,73,Good Posture (ML)
2026-03-06 20:49:11,145.21,0.58,170.74,63,100,100,87,Good Posture (ML)
2026-03-06 20:49:14,142.67,2.15,171.86,56,100,100,85,Good Posture (ML)
2026-03-06 20:49:17,142.93,30.23,173.95,57,63,100,73,Good Posture (ML)
2026-03-06 20:49:20,134.42,54.35,174.55,48,38,100,62,Bad Posture (ML)
2026-03-06 20:49:23,149.57,10.59,171.82,73,97,100,90,Good Posture (ML)
2026-03-06 20:49:26,145.78,8.91,172.18,64,100,100,88,Good Posture (ML)
2026-03-06 20:49:29,145.59,6.24,172.72,63,100,100,87,Good Posture (ML)
2026-03-06 20:49:32,142.56,31.51,177.73,56,62,100,72,Good Posture (ML)
2026-03-06 20:49:35,137.06,27.41,178.06,48,66,100,71,Good Posture (ML)
2026-03-06 20:49:38,142.86,16.69,173.78,57,85,100,80,Good Posture (ML)
2026-03-06 20:49:41,141.61,23.09,172.34,54,71,100,75,Good Posture (ML)
2026-03-06 20:49:45,139.84,2.1,172.37,49,100,100,83,Good Posture (ML)
2026-03-06 20:49:48,144.02,7.48,170.95,60,100,100,86,Good Posture (ML)
2026-03-06 20:49:51,156.54,15.79,172.3,91,87,100,92,Good Posture (ML)
2026-03-06 20:49:54,149.19,1.73,172.97,72,100,100,90,Good Posture (ML)
2026-03-06 20:49:57,140.41,14.15,166.55,51,90,100,80,Good Posture (ML)
2026-03-06 20:50:00,139.03,14.19,165.22,49,90,100,79,Good Posture (ML)
2026-03-06 20:50:03,139.27,17.61,164.96,49,83,100,77,Good Posture (ML)
2026-03-06 20:50:06,137.62,17.0,166.28,49,84,100,77,Good Posture (ML)
2026-03-06 20:50:09,136.78,19.85,165.06,48,78,100,75,Good Posture (ML)
2026-03-06 20:50:12,139.66,9.91,168.95,49,99,100,82,Good Posture (ML)
2026-03-06 20:50:15,137.91,9.85,169.1,49,99,100,82,Good Posture (ML)
2026-03-06 20:50:18,134.36,11.11,167.92,47,96,100,81,Good Posture (ML)
2026-03-06 20:50:21,133.74,15.77,167.46,47,87,100,78,Good Posture (ML)
2026-03-06 20:50:24,133.6,15.44,166.91,47,87,100,78,Good Posture (ML)
2026-03-06 20:50:27,133.47,16.26,166.96,47,86,100,77,Good Posture (ML)
2026-03-06 20:50:30,132.99,10.82,162.98,47,97,100,81,Good Posture (ML)
2026-03-06 20:50:33,134.54,12.31,170.84,48,94,100,80,Good Posture (ML)
2026-03-06 20:50:36,149.43,11.71,171.36,73,95,100,89,Good Posture (ML)
2026-03-06 20:50:39,145.55,19.97,171.71,63,78,100,80,Good Posture (ML)
2026-03-06 20:50:42,143.97,40.36,174.84,59,52,100,70,Good Posture (ML)
2026-03-06 20:50:45,148.3,14.4,173.76,70,90,100,86,Good Posture (ML)
2026-03-06 20:50:48,148.4,3.42,173.92,71,100,100,90,Good Posture (ML)
2026-03-06 20:50:51,140.09,0.05,174.81,50,100,100,83,Good Posture (ML)
2026-03-06 20:50:54,147.44,5.06,175.41,68,100,100,89,Good Posture (ML)
2026-03-06 20:50:57,146.1,4.42,175.2,65,100,100,88,Good Posture (ML)
2026-03-06 20:51:00,145.4,3.1,174.86,63,100,100,87,Good Posture (ML)
2026-03-06 20:51:03,144.28,1.01,174.34,60,100,100,86,Good Posture (ML)
2026-03-06 20:51:06,145.24,4.45,174.72,63,100,100,87,Good Posture (ML)
2026-03-06 20:51:09,142.53,0.54,170.18,56,100,100,85,Good Posture (ML)
2026-03-06 20:51:13,150.14,15.77,176.57,75,87,100,87,Good Posture (ML)
2026-03-06 20:51:16,150.87,12.62,172.58,77,93,100,90,Good Posture (ML)
2026-03-06 20:51:19,153.11,24.01,168.6,82,69,100,83,Good Posture (ML)
2026-03-06 20:51:22,154.83,29.49,170.5,87,64,100,83,Good Posture (ML)
2026-03-06 20:51:25,161.76,58.55,168.31,100,34,100,78,Good Posture (ML)
2026-03-06 20:51:28,154.92,29.28,171.79,87,64,100,83,Good Posture (ML)
2026-03-06 20:51:31,153.15,23.35,167.27,82,71,100,84,Good Posture (ML)
2026-03-06 20:51:34,153.32,20.12,166.99,83,78,100,87,Good Posture (ML)
2026-03-06 20:51:37,149.18,20.94,167.17,72,76,100,82,Good Posture (ML)
2026-03-06 20:51:40,145.61,18.68,167.15,64,81,100,81,Good Posture (ML)
2026-03-06 20:51:43,144.41,22.85,170.26,61,72,100,77,Good Posture (ML)
2026-03-06 20:51:46,145.66,27.17,170.73,64,66,100,76,Good Posture (ML)
2026-03-06 20:51:49,146.36,26.36,170.04,65,67,100,77,Good Posture (ML)
2026-03-06 20:51:52,149.74,0.9,175.17,74,100,100,91,Good Posture (ML)
2026-03-06 20:51:55,155.84,23.29,171.05,89,71,100,86,Good Posture (ML)
2026-03-06 20:51:58,158.02,40.29,168.13,95,53,100,82,Good Posture (ML)
2026-03-06 20:52:01,137.01,12.88,174.17,48,93,100,80,Good Posture (ML)
2026-03-06 20:52:04,129.68,40.47,175.84,46,52,100,66,Bad Posture (ML)
2026-03-06 20:52:07,142.24,6.63,174.18,55,100,100,85,Good Posture (ML)
2026-03-06 20:52:10,160.35,24.92,175.83,100,69,100,89,Good Posture (ML)
2026-03-06 20:52:14,146.07,38.08,173.48,65,55,100,73,Good Posture (ML)
2026-03-06 20:52:17,146.03,10.09,173.01,65,98,100,87,Good Posture (ML)
2026-03-06 20:52:20,143.66,16.56,174.4,59,85,100,81,Good Posture (ML)
2026-03-06 20:52:23,133.39,1.85,169.67,47,100,100,82,Good Posture (ML)
2026-03-06 20:52:26,142.12,4.41,174.47,55,100,100,85,Good Posture (ML)
